p_np,smiles,mol_id,SA,SC
1,C1=CC=CC(=C1N3CCN(CCCOC2=CC=CC=N2)CC3)C,toprilidine,1.93,3.45
1,CC(C)(C)NC(=O)[C@@H]1CN(CCN1C[C@@H](O)C[C@@H](Cc2ccccc2)C(=O)N[C@@H]3[C@H](O)Cc4ccccc34)Cc5cccnc5,Indinavir,4.09,4.66
1,NC(=O)N1c2ccccc2C3OC3c4ccccc14,Carbamazepineepoxide,3.12,2.4
1,c12c(nc(c(c1C(N[C@@H](CC)c1ccccc1)=O)C)c1ccccc1)cccc2,SB-222200,2.4,3.51
1,C1=CC=NC=C1C(N2CCOCC2)=O,nicopholine,1.77,1.89
1,C=CCC1(CC=C)C(=O)NC(=O)NC1=O,allobarbital,3.19,1.85
1,CC(C)O,2-propanol,1.74,1.0
1,C1=CC=CC2=C1C(=C[NH]2)CCC3CCNCC3,indalpine,2.09,3.26
1,CC(C)N1CCC(CC1)N(C(=O)Cc2ccccc2)c3ccc(Cl)cc3,lorcainide,2.09,3.49
1,C(C1=CC=CC=C1O)(=O)N,salicylamide,1.58,1.5
1,C3=C(C1=C([N]2C(=N1)C=CC(=C2)Cl)CC(N(CCC)CCC)=O)C=CC(=C3)Cl,alpidem,2.4,4.35
1,Cc1ccc(C)cc1,p-Xylene,1.0,1.36
1,N1(Cc2cc(OCCCNc3oc4ccccc4n3)ccc2)CCCCC1,compound 45,2.14,4.01
1,[C@@H]36C2=C(C1=CC(=CC=C1[NH]2)Cl)CCN3C[C@H]5C[C@@H](OC(C4=CC(=C(C(=C4)OC)OC)OC)=O)[C@@H]([C@H]([C@H]5C6)C(OC)=O)OC,chloroserpidine,4.33,4.31
1,CC(C)(C)OC(=O)C1=C2CN(C(=O)C3=C(N2C=N1)C=CS3)C,RO19-4603,2.94,3.49
1,C1=CC(=CC=C1OCC(NCCN(CC)CC)=O)Cl,clofexamide,1.76,2.61
1,C3=C(C2(C1=CC=CC=C1)C(NCN2)=O)C=CC=C3,doxenitoin,2.49,2.3
1,C1=C(Cl)C=CC2=C1C(=NCC(=S)N2C)C3=CC=CC=C3,sulazepam,2.41,3.41
1,CC(C)c1onc(n1)c2ncn3c2CN(C)C(=O)c4c(Cl)cccc34,L-663581,2.86,4.62
1,COCCc1ccc(OCC(O)CNC(C)C)cc1,Metoprolol,2.39,2.87
1,C1=CC=CC(=C1N2C(=NC3=C(C2=O)C=CC=C3)\C=C\C4=NC=CC=C4)C,piriqualone,2.19,3.3
1,C1=C(Cl)C=CC2=C1C(=NCC(=O)N2CC(F)(F)F)C3=CC=CC=C3,halazepam,2.39,3.36
1,[C@]23([C@H]([C@H]1[C@]([C@](C(CO)=O)(O)[C@H](C1)C)(C)C[C@@H]2O)CCC4=CC(=O)C=C[C@]34C)Cl,beclomethasone/beclometasone,4.71,3.54
1,C1=CC=CC(=C1C2=NCC(N(C3=C2C(=N[N]3C)C)C)=O)F,zolazepam,2.72,4.49
1,C3=C(C(O)(C1=CC=CC=C1)C2CCNCC2)C=CC=C3,azacyclonol,2.12,2.33
1,C1=CC(=CC=C1B2OCC(CCC)(C)CO2)C,tolboxane,3.14,1.97
1,NC1=NC(=O)N(C=C1)[C@@H]2O[C@H](CO)[C@@H](O)[C@@H]2O,Cytarabine,3.55,2.57
1,CC(=O)Nc1sc(nn1)[S](N)(=O)=O,acetozalamide,2.46,2.43
1,C1=C(C(F)(F)F)C=CC3=C1N(C2=C(SC=C2)S3)CCCN4CCN(CCO)CC4,flutizenol,2.77,4.55
1,C1=CC=C2C(=C1)C3C(O3)C4=CC=CC=C4N2C(=O)N,carbamazepine-10,3.12,2.4
1,C1CN(CCC1)Cc1cccc(c1)OCCCNC(=O)C,24,1.79,3.25
1,C2=C(C1(CCCCC1)NCC)C=CC=C2,eticyclidine,2.12,2.68
1,[C@@H]23[C@H]([C@H]1[C@]([C@@H](C(C)=O)CC1)(C)CC2=O)CC[C@@H]4[C@@]3(CC[C@H](C4)O)C,alfaxalone/renanolone,4.28,3.4
1,CCCN(CCC)CCc1ccc(c2c1CC(N2)=C)O,1-48,2.97,4.38
1,[C@@H]45N([C@@H](CC(NC(=O)C1=CN(C2=C(C1=O)C=CC=C2)C3CCCCC3)C4)CC5)C,mirisetron,3.99,4.52
1,CC12CC3(CC(C1)(CC(C2)C3)N)C,memantine,5.14,2.71
1,[C@H]24[C@H]1[C@@]([C@](O)([C@@H](C1)C)C(=O)CO)(C[C@H](O)[C@@H]2[C@@]3(C(=CC(=O)C=C3)C[C@H]4Cl)C)C,alclometasone,4.92,3.72
1,C1=C(OC)C=CC2=NC=CC(=C12)CCCC3C(CNCC3)C=C,viqualine,3.33,3.42
1,C1=NC2=C([N]1COCCO)NC(=NC2=O)N,acyclovir/aciclovir,2.73,3.6
1,Cc1ccnc2N(C3CC3)c4ncccc4C(=O)Nc12,Nevirapine,2.59,3.48
1,[C@@]12(C3=C(N(C)[C@H]1N(C)CC2)C=CC(=C3)OC(NCCCCCCC)=O)C,eptastigmine,3.3,4.45
1,C1=C(Cl)C=CC2=C1C(=NCC(N2)=O)C3=CC=CC=C3Cl,delorazepam,2.26,2.52
1,[C@@]45([C@@]3([C@H]([C@H]2[C@]([C@@]1(C(=CC(=O)C=C1)CC2)C)(F)[C@H](C3)O)C[C@H]4OC6(O5)CCCC6)C)C(COC(C)=O)=O,amcinonide,5.34,4.06
1,[C@@]4([C@@]3([C@H]([C@H]2[C@]([C@@]1(C(=CC(=O)C=C1)CC2)C)(F)[C@H](C3)O)C[C@@H]4C)C)(C(COC(CC)=O)=O)OC(CC)=O,betamethasone-valerate,4.73,4.16
1,CCC1(C)CC(=O)NC1=O,ethosuximide,3.38,2.28
1,[C@H](CC1=CC(=C(C=C1)O)O)(C(O)=O)N,levodopa,2.43,2.07
1,C1=C(C2=C(C=C1)C=CO2)N5CCN(CC3=CC=C([NH]3)C4=CC=C(C=C4)F)CC5,elopiprazole,2.46,4.43
1,C1=C(Cl)C=CC3=C1N(C2=CC=CC=C2)C(=O)N3CCCN(C)C,clodazon,2.1,3.9
1,C1=CC=CC2=C1N(CC3=C(C2=C)C=CC=C3)CCCN(C)C,enprazepine,2.36,3.7
1,Oc1ccc2C[C@H]3N(CC[C@@]45[C@@H](Oc1c24)C(=O)CC[C@@]35O)CC6CC6,naltrexone,5.07,3.37
1,NC(N)=O,Urea,1.93,1.29
1,C3=C(C(N2CCN(CC1=CC=CC=C1)CC2)=O)N=CC=C3,piberaline,1.66,2.01
1,N1(c2c(Sc3c1cccc3)ccc(c2)Cl)CCCNC,Nor-1-chlorpromazine,2.16,3.49
1,C1=CC=CC=C1C(C2=CC=CC=C2)(CCN4CCC(N3CCCCC3)(C(N)=O)CC4)C#N,piritramide,2.71,3.54
1,O=[P](O)(OCC(Cl)(Cl)Cl)O,triclofos,3.19,1.78
1,C1=CC=CC3=C1C(C2=C(C=CC=C2)C=C3)C(N)=O,citenamide,2.3,2.5
1,C1=C(Cl)C=CC2=C1C(=NCC(N2CCOCC3CC3)=O)C4=CC=CC=C4,iclazepam,2.37,3.96
1,C(C(C(OCOC(C(C)(C)C)=O)=O)CCC)CC,valproatepivoxil,2.45,2.75
1,CN(C(C)CC1=CC=CC=C1)C,dimethylamphetamine(dimethamphetamine),2.07,2.24
1,CN(C)C(=O)Cc1n2cc(C)ccc2nc1c3ccc(C)cc3,zolpidem,2.25,3.91
1,[C@@]4([C@@]3([C@H]([C@H]2[C@@H]([C@@]1(C(=CC(=O)CC1)[C@H](C2)C)C)[C@H](C3)O)CC4)C)(C(COC(C)=O)=O)OC(CCC)=O,amebucort,4.68,4.92
1,ClCCN(N=O)C(=O)NC1CCCCC1,Lomustine,2.62,2.71
1,c1cc(CCNC)ncc1,5-66,1.86,2.02
1,ClC1=CC=C(SC(C=CC=C2)=C2N3CCCN)C3=C1,Nor-2-chlorpromazine,2.14,3.02
1,[C@H]3(CCCC1=C2C(=NC=C1)C=CC(=C2)OC)[C@@H](CNCC3)C=C,ivoqualine,3.33,3.66
1,C1=CC=CC3=C1C(C2=CC=CC=C2)OCCN(C3)C,nefopam,2.56,3.08
1,CC1(C(NC(O1)=O)=O)C,dimethadione,2.86,2.03
1,C1=C(C(=CC(=C1)Cl)Cl)OCCCN(CC#C)C,clorgiline,2.26,2.9
1,FC(F)OC(Cl)C(F)(F)F,Isoflurane,4.0,1.86
1,CN1CCCCC1CCN2c3ccccc3Sc4ccc(cc24)[S](C)=O,mesoridazine,3.39,4.2
1,C1=CC=CC2=C1C3=C(C(=O)N2CCCN(C)C)C=CC=C3,fantridone,1.81,3.32
1,C1=CC(=CC=C1)CC(N(C)CC2=CC=CC=C2)C,benzphetamine(benzfetamine),2.0,2.78
1,NC1[C@H]2CN(C[C@@H]12)c3nc4N(C=C(C(O)=O)C(=O)c4cc3F)c5ccc(F)cc5F,Trovafloxacin,3.73,4.64
1,C1=CC=CC=C1C(C2=CC=CC=C2)(C(CN(C)C)C)C(CC)=O,isomethadone,2.78,3.05
1,CN(C)CCCN1c2ccccc2Sc3ccc(cc13)C(C)=O,acepromazine,2.2,3.45
1,C1=C(C(=NN=C1C2=CC=CC=C2)NCCN3CCOCC3)C#N,bazinaprine,2.32,3.43
1,CC1=C(CCN2CCC(CC2)c3noc4cc(F)ccc34)C(=O)N5CCCCC5=N1,Risperidone,2.74,4.93
1,CN1CC[C@]2(C)[C@H]1N(C)c3ccc(OC(=O)Nc4ccccc4)cc23,Phenserine,3.13,4.32
1,[C@]125OC(O[C@@]([C@]1(C[C@H](O)[C@H]3[C@H]2CCC4=CC(=O)CC[C@]34C)C)(CC5)C(=O)COC(=O)C6=CC=NC=C6)\C=C/C,nicocortonide,5.81,4.48
1,C(C2(C1CCCC=C1)C(NC(=S)NC2=O)=O)C=C,thialbarbital,3.89,2.96
1,C1=C(C#N)C=CC3=C1N(C2=C(C=CC=C2)CC3)CCCN(C)C,cianopramine,2.23,3.95
1,C(C(C(NC(N)=O)=O)(CC)Br)C,carbromal,3.11,2.12
1,NCC1(CCCCC1)CC(O)=O,Gabapentin,2.4,2.35
1,ClC=C(Cl)Cl,Trichloroethylene,3.64,1.01
1,n(ccc1)c(c1)CCNC,Y-G 14,1.86,2.02
1,CCCN(CCc1c2c(ccc1)NC(=O)C2)CCC,SKF101468,2.42,4.11
1,C1=CC=CC2=C1C(C3=C(CC2)C=CC=C3)OC4CCN(C)CC4,hepzidine,2.3,3.51
1,[O-][N+](C1=CC=NC1NCCSCc2ncccc2Br)=O,compound 31,3.91,2.57
1,C1=CC(=CC=C1C(NC(C)C)=O)CNNC,procarbazine,1.99,2.69
1,NC(=N)c1ccc(o1)c2ccccc2N(=O)=O,nitrafudam,2.27,2.18
1,CCSc1ccc2Sc3ccccc3N(CCCN4CCN(C)CC4)c2c1,thiethylperazine,2.43,4.16
1,C1=C(OC)C=CC3=C1N(C2=C(C=CC=C2)S3)CCC4N(CCCC4)C,oxyridazine,2.76,3.62
1,C1=CC2=C(C=C1)SC3=C(N2CC(C)N(C)C)C=C(C=C3)C(=O)C,aceprometazine,2.8,3.17
1,C(NC(C(C)(C)C)=O)CCC(O)=O,pivagabine,1.93,2.02
1,C1=C2C(=CC=C1)CCC(=C2)CC3=NCNC3,napamezole,3.31,3.43
1,C(C(C4(C3(C(C2C(C1(C(=CC(=O)C=C1)CC2)C)C(C3)O)CC4)C)O)=O)OC(CN(CC)CC)=O,prednisolamate,4.48,4.05
1,C1=C(C=CC3=C1N(CCCN2CCN(CC2)C)C4=C(S3)C=CC=C4)C(F)(F)F,trifluoperazine,2.35,4.32
1,CC(C)(C)OC(=O)c1ncn2c3cccc(Br)c3C(=O)N4CCC[C@H]4c12,Bretazenil,3.23,3.6
1,[H+].[Cl-].CCOC(=O)C1(CCN(C)CC1)c2ccccc2,demerol,2.4,2.67
1,C1=C[NH]C2=C1C(=NC=N2)NCCCCCCCCC,nonapyrimine,2.24,3.58
1,C1NCCN(C1)c1ccc(c(n1)Cl)C(F)(F)F,Org12962,2.5,2.95
1,CCc1ccc2Sc3ccccc3N(CC(C)CN(C)C)c2c1,etymemazine,2.85,3.65
1,C4=C(C2=C3C(=NC(=NCC1CC1)CN2O)C=CC(=C3)Cl)C=CC=C4,cyprazepam,3.12,3.65
1,COC(=O)C1=CCCN(C)C1,arecoline,2.62,1.89
1,C1=CC(=CC2=C1C(=C([NH]2)C)C4CCN(CCCC(C3=CC=C(F)C=C3)=O)CC4)OC,mindoperone,2.29,4.18
1,C1=CC(=CC(=C1NC(OCC)=O)N)NCC2=CC=C(C=C2)F,retigabine,1.9,2.99
1,C1=CC(=C3C2=C1CC5C4C2(C(O3)C(O)C=C4)CCN5)OC,norcodeine,5.34,3.29
1,C1=C(NC(CC)=O)C=CC(=C1)O,parapropamol,1.47,1.68
1,c12[C@]34[C@@]56[C@H]([N@@](CC7CC7)CC4)Cc2ccc(c1O[C@H]3[C@](OC)([C@H](C5)[C@](C(C)(C)C)(C)O)CC6)O,Buprenorphine,6.46,4.06
1,[Cl].C1=CC=CC=C1CCNN,phenelzine,2.01,1.81
1,C1=C(C(=CC(=C1[S](NC)(=O)=O)N)OC)C(NCC2N(CCC2)CC=C)=O,alpiropride,3.02,4.71
1,[C@H]13[C@H](C[C@@H]1C2=CC=C(F)C=C2)CN(C3)CCN4C(=O)C5=C(NC4=O)C=CC=C5,balaperidone,3.29,4.92
1,[N+](=[N-])=O,nitrous-oxide,4.98,1.65
1,C1=CC=CC=C1[P](C2=CC=CC=C2)(CC(NN)=O)=O,fosenazide,2.47,1.9
1,[O-][N+](C1=CC=NC1NCCSCc2ccccn2)=O,compound 32,3.71,2.32
1,OCCN1CCN(CCCN2c3ccccc3Sc4ccc(cc24)C(F)(F)F)CC1,fluphenazine,2.42,4.28
1,C1=CC=CC=C1C(C2=CC=CC=C2)OCCN(C\C=C\C3=CC=CC=C3)C,cinfenine,2.16,2.84
1,CN1C(=O)CC(=O)N(c2ccccc2)c3cc(Cl)ccc13,clobazam,2.09,3.05
1,[H+].C1=CC3=C([N]1N(C2=CC=NC=C2)CCC)C=CC=C3.[Cl-],besipirdine,2.78,3.18
1,[C@H]2(C(OC1=CC=C(NC(C)=O)C=C1)=O)NC(=O)CC2,pidolacetamol,2.52,2.33
1,C1=CC=CC3=C1N(C2=C(C=CC=C2)CC3=O)C(N)=O,oxcarbazepine,2.16,2.73
1,C(C(CCC)C(N)=O)CC,valpromide,2.21,2.46
1,C5=C3C1=C(OC4C12C(C(N(CC2)C)C3)CC=C4C)C(=C5)O,methyldesorphine,5.24,3.77
1,C3=C(C2(OC(C1CCCCN1)CO2)CC)C=CC=C3,etoxadrol,3.61,3.22
1,OC1N=C(c2ccccc2Cl)c3cc(Cl)ccc3NC1=O,lorazepam,2.81,2.83
1,C1=C(OC)C(=CC3=C1C2N(CC(CC(C)C)C(C2)=O)CC3)OC,tetrabenazine(tetrabenzine),3.24,4.12
1,[C@@H]25C(=C[C@@H](CN1CC(NC(C1)=O)=O)CN2C)C3=CC=CC4=C3C(=C[NH]4)C5,romergoline,3.83,4.51
1,c1ccc(C(NCCCOc2cc(CN3CCCCC3)ccc2)=O)cc1,compound 40,1.74,3.19
1,CCc1ccccc1N2C(=Nc3ccccc3C2=O)C,etaqualone,1.85,2.93
1,C1=NC=CN=C1N(C3CCN(CCC2=CC=CC=C2)CC3)C(C4=CC=CO4)=O,mirfentanil,2.44,4.05
1,C1=CC=CC3=C1C2(C(NC(=O)CC2)=O)CCC3=O,alonimid,3.36,2.73
1,C1=CC=CC2=C1C(C3=C(CC2)C=CC=C3)=CC(CN(C)C)=O,cotriptyline,2.37,2.8
1,C1=C(C(=CC(=C1Cl)N)OC)C(NC3CCN(CC2=CC=CC=C2)CC3)=O,clebopride,1.98,3.11
1,Cc1ccccc1C,o-Xylene,1.03,1.28
1,CSC1=C(N=C(N=C1N2CCN(C)CC2)NC(C)C)Cl,iprozilamine,2.71,3.4
1,[C@@]45([C@@]3([C@H]([C@H]2[C@]([C@@]1(C(=CC(=O)C=C1)[C@H](C2)F)C)(F)[C@H](C3)O)C[C@H]4OC(O5)(C)C)C)C(CO)=O,fluocinolone-acetonide,5.02,3.64
1,Clc1ccc2n3cnnc3CN=C(c4ccccc4)c2c1,estazolam,2.43,3.53
1,[C@@H]3(CN(CCC=C(C1=C(C=CS1)C)C2=C(C=CS2)C)CCC3)C(O)=O,tiagabine,3.15,4.24
1,C1=C(Cl)C=CC2=C1C(=NC(O)C(N2CCC#N)=O)C3=CC=CC=C3F,cinolazepam,3.01,3.66
1,C2=C(C(CC(N(C)C)C)(C(CC)O)C1=CC=CC=C1)C=CC=C2,betamethadol,3.16,3.11
1,COc1cc(CCN)cc(OC)c1OC,mescaline,1.79,2.13
1,[C@]4([C@@]3([C@H]([C@H]2[C@@H]([C@@]1(C(=CC(=O)C=C1)CC2)C)[C@H](C3)O)CCC4)C)(OC(CCC)=O)C(C)=O,domoprednate,4.52,4.5
1,C(C(COC(C(Cl)(Cl)Cl)O)(COC(C(Cl)(Cl)Cl)O)COC(C(Cl)(Cl)Cl)O)OC(C(Cl)(Cl)Cl)O,petrichloral,5.2,1.69
1,CN1CC[C@]23CCCC[C@H]2[C@H]1Cc4ccc(O)cc34,levorphanol,4.12,4.02
1,CCOC(=O)N(CCN(C)C)c1cccc(c1)C(F)(F)F,flubanilate,2.24,3.17
1,C1=C(C=CC=C1N3CCN(CCC2=N[NH]C(=C2)C)CC3)Cl,mepiprazole,2.2,3.91
1,C1=CC=CC2=C1C3(C4=C(CC2N3)C=CC=C4)C,dizocilpine(MK-801),3.79,3.14
1,C1=CC(=CN=C1N2C(C3=C(C2=O)N=CC=N3)OC(N4CCN(C)CC4)=O)Cl,zopiclone,3.2,4.46
1,[C@H]12C(C3=C(C[C@@H]1CCN(C2)C)[NH]C(=C3CC)C)=O,piquindone,3.57,4.2
1,C2=C([N]1C(=NC(=N1)C(N(C)C)=O)CNC(CN)=O)C(=CC(=C2)Cl)C(C3=C(C=CC=C3)Cl)=O,rilmazafone,2.63,4.5
1,C1=CC(=CC=C1[S](NC2=NOC(=C2)C)(=O)=O)N,sulfamethoxazole(tiabendazole),2.05,2.38
1,[C@]24(C[C@@H]([C@@H](N(C(CC1=CC(=C(Cl)C=C1)Cl)=O)C)CC2)N3CCCC3)CCCO4,spiradoline,4.07,4.73
1,CC14C5(C(CC1C3C(C2(C(=CC(=O)CC2)CC3)C)CC4)OC(O5)(C)C)C(C)=O,algestone-acetonide,4.47,3.32
1,C1=CC=CC(=C1)C(C(CN(C)C)O)C2=CC=C(C=C2)Cl,clemeprol,2.76,2.94
1,O=C1N(CCC1)CCCCN2CCN(CC2)c3cc(C(F)(F)F)ccn3,Org13011,2.34,4.49
1,C1=CC=CC=C1C[N+](C(CC2=CC=CC=C2)C)(C)[O-],oxifentorex,3.07,3.05
1,CC(N)Cc1ccccc1,amphetamine,1.84,1.84
1,C1=C([S](C)(=O)=O)C=CC(=C1C(NCCN(CC)CC)=O)OC,tiapride,1.99,2.91
1,C4=C3[NH]C1=C(CCNC1CC2=CC=CC=C2)C3=CC=C4,fenharmane,2.53,3.04
1,C2=C(COC1CCNCC1)C=CC3=C2C=CC=C3,litoxetine,1.97,3.04
1,C1=CC=C3C(=C1OCC2CNCCO2)N(CCC3)C,dabelotine,3.04,4.05
1,CC(=O)[C@H]1CC[C@H]2[C@@H]3CC[C@@H]4C[C@H](O)CC[C@]4(C)[C@H]3CC[C@]12C,pregnanolone,4.05,2.91
1,C1=CC=CC3=C1SC2=C(C=CC=C2)C=C3CN(C)C,damotepine,2.5,2.45
1,C1=C(C(F)(F)F)C=CC=C1C2=CCN(CC2)CCC4=CC3=CC=CC=C3C=C4,xaliproden,2.23,3.65
1,[H+].C1=CC=CC2=C1[S](=O)(=O)N(C2=O)CCCCN4CCN(C3=NC=CC=N3)CC4.[Cl-],ipsapirone,2.67,3.85
1,C1=CC(=CC=C1CNC(C(C)C)CCCCCC(O)=O)F,zafuleptine,2.44,2.8
1,C1=C(CN(C(=C(SC(OCC)=O)/CCOC(OCC)=O)/C)C=O)C(=NC(=N1)C)N,cetotiamine,3.43,3.27
1,[CH2-][CH-]C,propanidid,5.82,1.28
1,CC1CCCC1,Methylcyclopentane,1.57,1.61
1,C1CCN(CC1)Cc1cc(OCCCO)ccc1,compound 41,1.72,2.53
1,[C@H]24[C@H]1[C@@]([C@](C(CO)=O)(O)CC1)(C[C@@H]([C@@H]2[C@@]3(C(=CC(=O)C=C3)[C@H](C4)F)C)O)C,fluprednisolone,4.7,3.62
1,C2=C1C(=NN=C(CC1=CC(=C2OC)OC)C)C3=CC=C(N)C=C3,nerisopam,2.51,3.36
1,[H+].C1=C(OC(F)(F)F)C=CC2=C1SC(=N2)N.[Cl-],riluzole,2.6,2.43
1,CN1N(C(=O)C=C1C)c2ccccc2,antipyrine,2.15,1.82
1,O=C2C1=C(CNCC1)ON2,gaboxadol,3.46,2.24
1,[C@@]45([C@@]3([C@H]([C@H]2[C@@H]([C@@]1(C(=CC(=O)CC1)[C@H](C2)F)C)[C@H](C3)O)C[C@H]4OC(O5)(C)C)C)C(CO)=O,flurandrenolide(fludroxycortide),4.98,3.76
1,CN(C)C(=O)C(CCN1CCC(O)(CC1)c1ccc(Cl)cc1)(c1ccccc1)c1ccccc1,BRL53080,2.55,3.55
1,C1=C(C#N)C=CC3=C1C4=C(C2=C(C=CC=C2)S3)CCN(CC4)C,citatepine,2.64,3.49
1,[C@H](C1=CC(=CC=C1)OC(N(CC)C)=O)(N(C)C)C,rivastigmine,2.67,2.62
1,OCCN1CCN(CC\C=C/2c3ccccc3Sc4ccc(Cl)cc24)CC1,clopenthixol,2.5,4.08
1,C1=C(CC)SC2=C1C(=NCC(N2C)=O)C3=CC=CC=C3Cl,clotiazepam,2.67,3.7
1,COc1ccc2Sc3ccccc3N(C[C@H](C)CN(C)C)c2c1,methotrimeprazine,2.79,3.12
1,[C@H]4(CC3C2=C1C(=C[N](C1=CC=C2)C(C)C)CC3N(C4)C)C(NC5CCCCC5)=O,amesergide,3.62,4.68
1,[H+].C1=CC=NC(=N1)N2CCN(CC2)CCCCN3C(=O)CC(CC3=O)(C)C.[Cl-],gepirone,2.68,3.9
1,[C@@]45([C@@]3([C@H]([C@H]2[C@@H]([C@@]1(C(=CC(=O)C=C1)CC2)C)[C@H](C3)O)C[C@H]4OC(O5)CCC)C)C(CO)=O,budesonide,4.87,3.85
1,[C@@]4([C@@]3([C@H]([C@H]2[C@]([C@@]1(C(=CC(=O)C=C1)CC2)C)(Cl)[C@H](C3)O)C[C@@H]4C)C)(C(COC(CC)=O)=O)OC(CC)=O,beclomethasonedipropionate(beclometasone-dipropionate),4.79,4.29
1,C1=NC3=C([N]1CCNC(C(C2=CC=CC=C2)O)C)C(N(C)C(N3C)=O)=O,cafedrine,3.15,3.96
1,C1=C(Cl)C=CC2=C1C(=NCC(N2CC[S](C3=CC=C(C)C=C3)(=O)=O)=O)C4=CC=CC=C4Cl,tolufazepam,2.44,3.74
1,n1(c(c2nc[nH]c2n(c1=O)C)=O)C,9-C1,2.77,2.7
1,[H+].[Cl-].CN(C)CC\C=C/1c2ccccc2COc3ccccc13,doxepin,2.56,3.34
1,C1=CC(=C4C2=C1CC5C3C2(C(C(=CC3)OC(C)=O)O4)CCN5C)OC,thebacon,5.2,3.55
1,[C@@]45([C@@]3([C@H]([C@H]2[C@]([C@@]1(C(=CC(=O)C=C1)CC2)C)(F)[C@H](C3)O)C[C@H]4OC(O5)(C)C)C)C(COC(C6=CC7=C(O6)C=CC=C7)=O)=O,triamcinolone-furetonide,4.82,4.08
1,C1=C(C2=C(C(=C1)OC)CCCC2N(C)C)Cl,lometraline,2.8,3.03
1,[C@H]34C1[C@@H](C2(C(C(=O)CC1)C(=O)C=C2)C)C(O)CC3([C@](O)(CC4)C(OC)=O)C,oxisopred,4.75,2.93
1,C3=C(CN2CCN(C1=C(OC(C)C)C=CC=C1)CC2)C=CC=C3C(=O)N4CCCCC4.C(C(=O)O)CC(=O)O,mazapertine,2.35,4.43
1,C4=C(C(C(=O)N1CCCC1)(C2=CC=CC=C2)C(CN3CCOCC3)C)C=CC=C4,dextromoramide(levomoramideandracemoramide),2.88,3.25
1,CN(CCc2cc3cccc4CCc1ccccc1n2c34)Cc5ccccc5,azipramine,2.37,3.62
1,[C@@]125C3=C4C[C@H]([C@@]1(CCC([C@@H]2OC3=C(C=C4)O)=O)O)N(CC=C(C)C)CC5,nalmexone,5.21,3.62
1,CNCCCC12CCC(c3ccccc13)c4ccccc24,maprotiline,3.3,3.85
1,CO/N=C(C(=O)N[C@H]1[C@H]2SCC(=C(N2C1=O)C(O)=O)CSC3=NC(=O)C(=O)NN3C)/c4csc(N)n4,ceftriaxone,4.11,4.39
1,CCNCc1c(O)c(C)ncc1CSC,tamitinol,2.72,3.09
1,C1=NC(=NC=C1)N4CCN(CCCCN2C(CC3(CC2=O)CCCC3)=O)CC4,buspirone,3.0,4.28
1,CC1=CC(=NNC1=O)C,cetohexazine,2.54,1.84
1,[H+].C2=C1C(OC(=NC1=CC=C2Cl)NCC)(C3=CC=CC=C3)C.[Cl-],etifoxine,3.45,3.26
1,n(ccc1)c(c1)CCN(C)C,Y-G 15,1.81,2.12
1,CSC(=O)C3(O)C(C)CC4C2CCC1=CC(=O)C=CC1(C)C2(F)C(O)CC34C,timobesone,4.79,4.07
1,[C@]34([C@H](C2[C@@](F)([C@@]1(C(=CC(=O)C=C1)[C@@H](F)C2)C)[C@@H](O)C3)C[C@H]([C@]4(OC(=O)CC)C(SCCl)=O)C)C,cloticasone(cloticasone-propionate),5.12,4.45
1,C1=CC=NC=C1C(N(CC)CC)=O,nikethamide,1.78,1.71
1,CCOC(=O)c1ncn2c1CN(C)C(=O)c3cc(F)ccc23,Flumazenil,2.53,3.72
1,CN1CCN(CC1)C2=Nc3ccccc3Cc4ccccc24,perlapine,2.2,3.18
1,COc1ccc2Sc3ccccc3N(CCCN(C)C)c2c1,methopromazine,2.13,3.15
1,C1=C(Cl)C=CC(=C1C(C2=C(C=CC=C2)Cl)=O)N(C(CNC3CC3)=O)C,ciprazafone,2.23,3.1
1,NC(=O)OCCCc1ccccc1,phenprobamate,1.61,1.9
1,[C@H]24C([C@@]1(O[C@@](O[C@@H]1C2)(C3=CC=CC=C3)C)C(=O)CO)(C[C@H](O)[C@@]5(F)C4CCC6=CC(=O)C=CC56C)C,amcinafide,4.85,3.86
1,[C@]235[C@]([C@H](N(CC1CC1)CC2)CC4=C3C=C(O)C=C4)(CCCC5)O,oxilorphan,4.38,4.03
1,C1=CC(=CC=C1C(NCCCN2CCOCC2)=O)Cl,eprobemide,1.68,2.8
1,CN[C@@H](C)Cc1ccccc1,methamphetamine,1.99,2.21
1,N(C(=O)C)C1=CC=C(O)C=C1,paracetamol(acetaminophen),1.41,1.47
1,C3=C(N2CCN(C\C=C\C1=CC=CC=C1)CC2)N=NC(=C3)Cl,lorcinadol,2.17,2.91
1,C1=C([S](CC)(=O)=O)C(=CC(=C1C(NCC2N(CCC2)CC)=O)OC)N,amisulpride,2.89,4.4
1,[C@]34([C@H]([C@H]2C([C@@]1(C(=CC(C(=C1)Br)=O)[C@@H](C2)F)C)([C@H](C3)O)F)CCC4(C(=O)CO)O)C,halopredone(halopredone-acetate),4.94,4.36
1,[C@@]23([C@H]([C@H]1[C@H](OC(O1)(C)C)CO2)OC(O3)(C)C)CO[S](N)(=O)=O,topiramate,4.49,1.86
1,CNCCCC1c2ccccc2C=Cc3ccccc13,protriptyline,2.36,3.18
1,C1=C(Cl)C=CC4=C1C(N2CCN(C)CC2)CC3=C(C=CC=C3)S4,clorotepine,2.78,3.93
1,c1(CC(N2[C@H](CN(CC2)C(=O)OCCC)CN2CCCC2)=O)cc(c(cc1)Cl)Cl,GR89696_pr,2.83,4.38
1,[C@@H]1(C2=C(CC1)C=CC=C2)NCC#C,rasagiline,2.77,2.58
1,C1=CC=CC3=C1C4=C(C2=C(C=CC=C2)C3)CN(C)CC4,setiptiline,2.31,3.34
1,[C@@H](O)([C@@H](O)C(=O)O)C(=O)O.[C@@H](N)(CC1=CC=C(N(C)C)C=C1C)C,amiflamine,3.32,3.43
1,[C@H](CN1C3=C(SC2=C1C=CC=C2)C=CC(=C3)OC)(CN(C)C)C,levomepromazine,2.79,3.12
1,[C@@](O)(C5C6(OC)C2OC1=C(O)C=CC4=C1C23C(C(N(CC3)CC=C)C4)(C5)C=C6)(CCC)C,alletorphine,6.62,4.54
1,C(C1=NC2=C([N]1C)C(N(C)C(N2C)=O)=O)CCN3CCN(C(N(CC)CC)=O)CC3,stacofylline,2.62,5.0
1,C2=C(C(C[N]1C=CN=C1)=O)C=CC3=CC=CC=C23,nafimidone,1.95,2.24
1,C2=C(C(OC1=CC=C(C=C1)C(F)(F)F)CCNC)C=CC=C2,fluoxetine,2.45,3.32
1,[C@@]126C3=C4C[C@H]([C@@]1(CCC([C@@H]2OC3=C(C=C4)O)=C)O)N(CC5CC5)CC6,nalmefene,5.24,3.67
1,C(N1C(C(C)OC1=O)=O)C=C,allomethadione,3.27,2.28
1,C1=CC=CC3=C1C(C2=CC=CC=C2)(C=C3)CCN(C)C,indriline,3.04,3.02
1,C1=CC(=CC=C1C2(C(NC(=O)CC2)=O)CC)N,aminoglutethimide,2.9,3.18
1,O=C1CCC(=O)N1CC1CCC2CN(CCN2C1)c1ncccn1,sunepitron,3.26,4.68
1,C1=C(F)C=CC2=C1N4C(CN=C2C3=CC=CS3)CN(C)CC4,timelotem,3.19,4.38
1,C(OC1=NSN=C1C2=CCCN(C2)C)CCCCC,xanomeline,2.83,3.74
1,CCOC(=O)c1cncn1C(C)c2ccccc2,etomidate,2.59,2.34
1,CCOC(=O)OC3(CCC4C2CCC1=CC(=O)C=CC1(C)C2C(O)CC34C)C(=O)OCCl,loteprednol(loteprednol-etabonate),4.66,3.21
1,[C@@H]1(C3=C([C@H](C2=C1C=CC=C2)C)C=CC(=C3)C(F)(F)F)CCCN(C)C,fluotracen,3.25,4.41
1,[C@]1(O)(C[C@@H]4N(CC1)C[C@@H]2C5=C(CCC3=CC=CC=C23)C=CC=C45)C(C)(C)C.[H+].[Cl-],butaclamol,4.04,4.11
1,O1CCCCC1C(=O)N,oxanamide,2.78,1.79
1,C1=CC(=CC=C1OCC(COC(N)=O)O)Cl,chlorphenesin-carbamate,2.38,2.38
1,C1=C(SC2=C1C(=NCC3=NN=C([N]23)C4CCCCC4)C5=CC=CC=C5Cl)Br,ciclotizolam,2.87,4.73
1,C1=CC=CC2=C1CN(CC(N)=O)C(O2)=O,caroxazone,2.41,2.89
1,CC(=O)C3(O)CCC4C2CCC1=CC(=O)C=CC1(C)C2C(O)CC34C,deprodone,4.36,3.12
1,C(C(NN)C)CCCCC,octamoxin,2.75,2.24
1,N1(c2c(CCc3c1cccc3)cccc2)CCCN,Desmethyldesipramine,1.91,2.9
1,CC(C(C(NC(N)=O)=O)Br)C,bromisoval,2.92,1.99
1,C1=CC=CC2=C1C(=C[NH]2)CC(CC)N,etryptamine,2.35,2.79
1,[C@H]5(CN(C(C3=C2C1=CC(=CC=C1CCN2C(=O)C(=C3)C4=CC=CC=C4)Cl)=O)CC5)OCC,lirequinil,2.97,4.52
1,c1(c2c(cc(F)cc2)on1)C1CCN(CCc2c(n3c([C@@H](CCC3)O)nc2C)=O)CC1,9-OH-risperidone,3.32,4.96
1,Cn1cnc2N(C)C(=O)NC(=O)c12,Theobromine,2.47,2.7
1,C1=CC=CC3=C1C(N(C2C(NC(=O)CC2)=O)C3=O)=O,thalidomide,2.6,2.37
1,[C@@H]23[C@H]([C@H]1[C@]([C@@H](C(C)=O)CC1)(C)C[C@@H]2O)C[C@H](C)C4=CC(=O)CC[C@]34C,medrysone,4.46,3.84
1,CCC(C)C(CC)C(=O)NC(N)=O,capuride,3.14,2.74
1,C1=CC=CC2=C1OC(CNCCCC)CO2,butamoxane,2.47,3.08
1,CC/C(c1ccccc1)=C(c2ccccc2)/c3ccc(OCCN(C)C)cc3,Tamoxifen,2.02,3.43
1,C1=CC(=CC2=C1C(C3=C(CC2)C=CC=N3)=C4CCN(C(OCC)=O)CC4)Cl,loratadine,2.52,3.58
1,Clc1cc2c(Oc3ccccc3C3CN(CC32)C)cc1,Org5222,3.02,3.59
1,[C@H]23[C@@]([C@@]1(O[C@@H](O[C@@H]1C2)CCC)C(=O)CO)(C[C@H](O)[C@@]4(F)[C@H]3C[C@H](F)C5=CC(=O)CC[C@]45C)C,rofleponide,5.14,4.37
1,[H+].C4=C(N3CCN(CCCN1N=C(N(C1=O)CCOC2=CC=CC=C2)CC)CC3)C=CC=C4Cl.[Cl-],nefazodone,2.58,4.61
1,[C@@H]45C(N(CCCCN3CCN(C1=NSC2=C1C=CC=C2)CC3)C([C@@H]4CCCC5)=O)=O,perospirone,3.17,4.34
1,C3=C(C(C2CCN(CCCC(C1=CC=C(F)C=C1)=O)CC2)=O)C=CC(=C3)Cl,cloroperone,1.93,3.23
1,c1(ccc(c(c1)Cl)Cl)CC(N1[C@H](CN(CC1)C(=O)OCC)CN1CCCC1)=O,GR89696_et,2.77,4.05
1,C1=C(Cl)C=CC3=C1N(C2=C(C=CC=C2)S3)CCCN5CCN(CCN4C(N(C)CC4)=O)CC5,imiclopazine,2.61,4.99
1,C1=C(C(F)(F)F)C=CC3=C1C(C2=C(C=C(F)C=C2)S3)CCCN4CCN(CCO)CC4,teflutixol,3.15,4.81
1,C1=C(C(=C(C=C1\C=C\C(N2CCCCCCC2)=O)OC)OC)OC,cinoctramide,2.02,2.8
1,CN(C)C1=C(C)N(C)N(c2ccccc2)C1=O,Aminopyrine,2.16,2.44
1,C2=C(CN(C(=C(SC(=O)C1=CC=CC=C1)/CCO[P](=O)(O)O)/C)C=O)C(=NC(=N2)C)N,benfotiamine,3.37,4.63
1,C1=C(C=CC=C1Br)\C=C\C(NCC)=O,cinromide,1.97,2.12
1,C2=C1C(=NSC1=CC=C2)N5CCN(CCCCN3C(CC4(CC3=O)CCCC4)=O)CC5,tiospirone,3.13,4.44
1,C4=C(C(C3CCN(CCC1=C(N=C2N(C1=O)CCS2)C)CC3)=O)C=CC(=C4)F,setoperone,2.55,4.62
1,C1=CC=CC(=C1OC(C2=C(C=CC=C2)O)=O)C(O)=O,salsalate(salsalic-acid),1.7,1.78
1,C1=CC=CC3=C1C(C2=C(C=CC=C2)C3O)=C4CCN(C)CC4,danitracen,2.42,3.33
1,CNCCCN1c2ccccc2CCc3ccccc13,desipramine,1.95,3.17
1,C1=C(C(F)(F)F)C=CC3=C1N(C2=C(C=CC=C2)S3)C(CCN(CC)CC)=O,fluacizine,2.48,3.33
1,[C@@]4([C@@]3([C@H]([C@H]2[C@@H]([C@@]1(C(=CC(=O)CC1)CC2)C)[C@H](C3)O)CC4)C)(C(COC(CC)=O)=O)OC(CCC)=O,hydrocortisone-buteprate,4.49,4.04
1,[C@@]126C3=C4C[C@H]([C@@H]1C=C[C@@H]([C@@H]2OC3=C(C=C4)OCC5=CC=CC=C5)OC(CCCCCCCCCCCCC)=O)N(CC6)C,myrophine,5.22,3.53
1,C1=C(Cl)C=CC2=C1C(=NC(OC(N(C)C)=O)C(N2C)=O)C3=CC=CC=C3,camazepam,2.99,3.55
1,C1=C3C(=C(C(=C1)CNC2=CC(=C(C(=C2)OC)OC)OC)C)C(=NC(=N3)N)N,trimetrexate,2.43,4.06
1,[C@H]23[C@@]([C@@]1(C(=CC(=O)C=C1)[C@H](C2)F)C)([C@H](C[C@]4([C@H]3C[C@@H](C)[C@@H]4C(COC(C(C)(C)C)=O)=O)C)O)F,diflucortolone-pivalate,4.91,4.06
1,C1=C(Cl)C=CC2=C1C(=NC(C(=O)N2)OC(C(C)(C)C)=O)C3=CC=CC=C3,pivoxazepam,2.95,2.92
1,CN(C)CC\C=C/1c2ccccc2Sc3ccc(Cl)cc13,chlorprothixene,2.43,3.09
1,C1=N[N](C2=C1C(=C(C(=N2)C)C(OCC)=O)NCCCC)CC,tracazolate,2.42,3.53
1,C1=CC=CC3=C1N(C2=C(C=CC=C2)S3)CC4(CN(C)CC4)C,dimelazine,3.04,3.69
1,[C@H]3(CN(C2=CC=C(OCC1=CC=CC(=C1)Cl)C=C2)C(O3)=O)CNC,almoxatone,2.54,3.66
1,CCCC(C)(COC(N)=O)COC(N)=O,meprobamate,2.82,2.39
1,[C@H]37[C@H]2[C@@]([C@](C(COC(C1=CC(=CC=C1)[S](O)(=O)=O)=O)=O)(O)[C@@H](C2)C)(C[C@@H]([C@@H]3[C@@]4(C(=CC5=C(C4)C=N[N]5C6=CC=CC=C6)C(=C7)C)C)O)C,cortisuzol,4.89,5.0
1,CC4CN(CCCn2c1ccccc1c3ccccc23)CC(C)N4,rimcazole,2.93,4.16
1,CN(C)CCOC(C)(c1ccccc1)c2ccccn2,doxylamine,2.75,2.37
1,C1=CC=CC=C1C3(C(N(C(C2=CC=CC=C2)=O)C(=O)NC3=O)=O)CC,benzobarbital,2.8,3.04
1,C3=C(C2(C(N(CN1CCOCC1)C(C2)=O)=O)C)C=CC=C3,morsuximide,2.83,2.79
1,CCCCCC(=O)OCC(=O)C3C(C)CC4C2CC(F)C1=CC(=O)C=CC1(C)C2C(O)CC34C,fluocortolone-caproate,4.74,4.38
1,c1(ccc(c(c1)Cl)Cl)CC(N1[C@@H](CN2CCCC2)CC(CC1)(C)C)=O,BRL53087,2.87,4.31
1,C(C2(C1=CCCCC1)C(NC(=O)NC2=O)=O)C,cyclobarbital,2.96,2.8
1,C1=CC(=C3C2=C1CC5C4C2(C(O3)C(C=C4)OC(C)=O)CCN5CC=C)OC(C)=O,diacetylnalorphine,5.4,3.3
1,C1=C(C(N)=O)N=N[N]1CC2=C(C=CC=C2F)F,rufinamide,2.28,2.57
1,OC(O)C(Cl)(Cl)Cl,chloralhydrate,3.09,1.01
1,C1=C(Cl)C=CC2=C1C(=NO2)C([N]3C=CN=C3)C,zoniclezole,3.25,3.28
1,OCc1ncc2CN=C(c3ccccc3F)c4cc(Cl)ccc4n12,1-hydroxymidazolam,2.73,4.02
1,C1=CC(=C3C2=C1CC5C4C2(C(O3)CCC4)CCN5C)O,desomorphine,4.99,3.94
1,C3=C(C1=C2C(=NC(=O)CN1O)C=CC(=C2)Cl)C=CC=C3,demoxepam,2.66,2.94
1,[C@H]12C([C@@](O)(CC1)C#C)(CC[C@H]3C2CCC4=CC5=C(CC34C)C=N[N]5C6=CC=C(F)C=C6)C,nivazol(nivacortol),4.3,4.34
1,[Na+].CO\N=C(C(=O)N[C@@H]1[C@@H]2SCC(=C(N2C1=O)C([O-])=O)COC(C)=O)\c3csc(N)n3,cefotaxime,4.17,3.83
1,COc1ccc2C[C@@H]3[C@@H]4CC[C@H](O)[C@@H]5Oc1c2[C@]45CCN3C,dihydrocodeine,5.02,3.05
1,C2=C(C1=C(C=CC(=C1)Cl)[N]2C3=CC=C(C=C3)F)C5CCN(CCN4C(NCC4)=O)CC5,sertindole,2.57,4.98
1,C1=CC=CC=C1C2C(N(C)C(C2)=O)=O,phensuximide,2.4,2.62
1,O=C1N2C(CC1)CCC2=O,rolziracetam,2.4,2.31
1,C(OC(NC(C(Cl)(Cl)Cl)O)=O)C,carbocloral,3.15,1.54
1,C1=CC(=CC2=C1[N](C4=C2CN(CCCC(C3=CC=C(C=C3)F)O)CC4)C5=CC=C(F)C=C5)F,flutroline,2.89,4.67
1,[C@]235[C@H]([C@H](N(CC1CC1)CC2)CC4=C3C(=CC=C4)O)CCC(C5)=O,ketorfanol,4.38,4.14
1,OCCN1CCN(CC\C=C/2c3ccccc3Sc4ccc(cc24)C(F)(F)F)CC1,flupentixol,2.62,4.59
1,[C@@]12(C3=C(NC(CN1C[C@H](O2)C)=O)C=CC(=C3)Cl)C4=CC=CC=C4,oxazolam,3.44,3.8
1,C1=NC2=C([N]1CCC(CO)CO)NC(=NC2=O)N,penciclovir,2.89,4.08
1,C1=CC=CC=C1CC2=NC3=C([N]2CCN(CCO)CC)C(N(C)C(N3C)=O)=O,bamifylline,2.46,4.54
1,C1=C(Cl)C=CC2=C1C(=NC3=C(O2)C=CC=C3)N4CCNCC4,amoxapine,2.4,3.51
1,C1=CC=CC(=C1N2CCN(C)CC2)CC3=CC=CC=C3,sifaprazine,1.69,3.14
1,C1=CC(=CC2=C1N(C(=O)N2)CCCN4CCC(C(C3=CC=C(F)C=C3)=O)CC4)Cl,milenperone,2.24,4.3
1,CCOCC,Diethylether,1.91,1.0
1,C1=CC=CC3=C1C(C2=CC=CC=C2)(OC3(C)C)CCCNC,talopram,3.03,3.12
1,N[S](=O)(=O)Cc1noc2ccccc12,Zonisamide,2.37,2.47
1,C(C1(C(C(=CNC1=O)C)=O)CC)C,ethypicone,3.42,2.36
1,[C@@]4(O)(C3(C(C2C(C1(C(=CC(=O)CC1)C=C2)C)C(O)C3)CC4=C)C)C(=O)CO,isoprednidene,4.92,3.36
1,ClCC(F)(F)F,"""1,1,1-Trifluro-2-chloroethane""",2.62,1.39
1,C2C1=NN=N[N]1CCCC2,pentylenetetrazole(pentetrazol),2.87,2.13
1,C2=C(C1(C(N(C(NC1=O)=O)C)=O)CC)C=CC=C2,mephobarbital(methylphenobarbital),2.85,3.15
1,[N]12C(=CC=C1)C4N(C3=C(C2)C=CC=C3)CCN(C4)C.O=C(O)\C=C/C(=O)O,aptazapine,3.14,3.77
1,Fc1ccc(cc1)C(CCCN2CCC(CC2)N3C(=O)Nc4ccccc34)c5ccc(F)cc5,pimozide,2.37,4.76
1,C1=C(O)C=CC3=C1C2(CC(CN(CC2)C)C3)C,eptazocine,4.22,3.89
1,[C@]3(N(C1=CC=CC=C1)C(=O)CC)(C(=O)OC)[C@H](CN(CCC2=CC=CC=C2)CC3)C,lofentanil,3.32,3.71
1,C1=CC=CC2=C1C(C(N2CC(N)=O)=O)C3=CC=CC=C3,doliracetam,2.47,2.99
1,NC1=NC(=O)c2ncn(COCCO)c2N1,Aciclovir,2.73,3.6
1,C1=C(C(=CC=C1Cl)N(C(CNCC(C)=C)=O)C)C(C2=CC=CC=C2)=O,dinazafone,2.34,3.06
1,[C@H](N(C(C(C1=CC=CC=C1)C2=CC=CC=C2)=O)C)(C3=CC=CC=C3)CN4CC[C@@H](C4)O,asimadoline,2.95,2.92
1,C3=C(C(OC1C2CCN(C1)CC2)=O)C=CC=C3,benzoclidine,3.16,2.84
1,CN1Cc2n(cnc2C(=O)OC(C)(C)C)c3ccsc3C1=O,RO19-4603,2.94,3.49
1,[C@@]23(Cl)C1(C(=CC(=O)C=C1)[C@@H](F)CC2C5C(CC3Cl)([C@]4(C(=O)CO)OC(O[C@@H]4C5)(C)C)C)C,flucloronide(fluclorolone-acetonide),5.18,3.78
1,[C@H]12[C@@](C(OC(=O)C)([C@H](C1)C)C(SC)=O)(C[C@H](O)C3(F)[C@H]2CCC4=CC(=O)C=C[C@]34C)C,timobesone-acetate,4.8,4.02
1,C1=CC(=CC4=C1N2C(=NC(/C2=O)=C\N3CCN(C)CC3)CN=C4C5=C(C=CC=C5)Cl)[N+](=O)[O-],loprazolam,3.05,4.19
1,C1=C(Cl)C=CC2=C1C(=NC3=C(O2)C=CC=C3)N4CCN(CC4)C,loxapine,2.3,3.8
1,C4=C(N3CCN(CCCCN1C(C2C(C(C1=O)C(=O)N(C2=O)CCCC)(C)C)=O)CC3)C(=CC=C4)OC,umespirone,4.13,4.04
1,[C@@]23(Cl)C(C1C([C@](O)(CC1)C(=O)CO)(CC2Cl)C)CCC4=CC(=O)C=CC34C,dichlorisone,4.67,3.35
1,[C@@H]2(OC1=C(C(=CC=C1)C)C)[C@@H](CNCC2)O,ifoxetine,3.04,3.12
1,C(C(C1(C(NC(=O)NC1=O)=O)C=C)C)CC,vinylbital,3.84,2.5
1,C1=CC=CC=C1N2C4(C(NC2)=O)CCN(CC\C=C(C3=CC=C(F)C=C3)\C)CC4,spirilene,3.03,4.09
1,CC14CCC(=O)C=C1CCC5C3CCC(O)(C(=O)COC(=O)CCC2CCCC2)C3(C)CC(O)C45,hydrocortisone-valerate,4.37,3.95
1,[C@]12(OC(O[C@@H]1CC3C2(CC(O)[C@@]4(F)C3CC(=C5C4(CCC(=C5)OCCCl)C)C=O)C)(C)C)C(=O)COC(=O)C,formocortal,5.33,3.9
1,C1=CC=CC(=C1N3CCN(CCC2=C[N](C)N=C2)CC3)Cl,enpiprazole,2.02,4.02
1,C1=NC(=NC(=C1CN(C(=C(SSCC2CCCO2)\CCO)/C)C=O)N)C,fursultiamine,4.01,3.83
1,C1=CC=CC(=C1CC2=CC=CS2)OCC3OCCNC3.O=C(O)\C=C/C(=O)O,teniloxazine,3.01,4.04
1,C2=C(N1CC(CO)OC1=O)C=CC=C2C,toloxatone,2.5,2.42
1,C2=C(C(CCCN1CCC(OC(NC(C)C)=O)CC1)=O)C=CC(=C2)F,carperone,2.13,3.81
1,C1=CC=CC3=C1N(C2=C(C=CC=C2)C3(C)C)CCCNC,monometacrine,2.05,3.6
1,C3=C(C1C(N(CCO1)CCOC(C(C2=CC=CC=C2)CC)=O)C)C=CC=C3,fenbutrazate,3.28,2.98
1,C1=CC(=CC2=C1C(=NO2)C4CCN(CCCOC3=C(C=C(C(C)=O)C=C3)OC)CC4)F,iloperidone,2.38,4.29
1,[C@H]13[C@H]([C@H]2C[C@@H]1CC2)C(=O)N(C3=O)CCCCN4CCN(CC4)C5=NC=CC=N5.C(C(O)(C(=O)O)CC(=O)O)C(=O)O,tandospirone,4.68,5.0
1,CCN1C=CC(=O)C(=C1C)O,cp21,2.49,2.8
1,CN(C)CCCN1c2ccccc2CCc3ccc(Cl)cc13,clomipramine,2.06,3.61
1,[C@]1([C@]2(C3=C(C[C@@H]1N(CC2)C)C=CC(=C3)O)C)(CCC(=O)CCCCC)C,tonazocine,4.48,4.27
1,CCN(CC)C(=S)SSC(=S)N(CC)CC,Disulfiram,3.12,1.38
1,C1=CC(=CC=C1N2CC(COC)OC2=O)OCC3=CC(=CC=C3)C#N,cimoxatone,2.65,3.16
1,[C@@H]34C1=CC=CC2=C1C(=C[NH]2)C[C@H]3N(C[C@H](C4)N[S](N(CC)CC)(=O)=O)C,etisulergine,3.79,4.53
1,[C@]34([C@H]([C@H]2[C@@H]([C@@]1(C(=CC(=O)CC1)CC2)C)[C@H](C3)O)CC[C@@]4(C(COC(CN(CC)CC)=O)=O)O)C,hydrocortamate,4.43,3.73
1,[C@H]24[C@H]1[C@@]([C@@H](C(C(OCCCC)=O)=O)[C@@H](C1)C)(C[C@@H]([C@@H]2[C@@]3(C(=CC(=O)C=C3)[C@H](C4)F)C)O)C,fluocortin-butyl,4.84,4.21
1,c1nc(C2CCN(CC2)C(NC2CCCCC2)=S)c[nH]1,5-69,2.78,3.66
1,C1=C([N](C(=C1C=O)C)CCNC(C)=O)C,aloracetam,2.3,2.97
1,CC(=O)Nc1ccc(O)cc1,acetaminophen,1.41,1.47
1,C1=CC=CC2=C1N(C3=C(CC2)C=CC=C3)CCCN(C)C,prazepine,1.93,3.2
1,CCC(C)(CC)OC(N)=O,emylcamate,2.76,2.04
1,CCOC(=O)c1ccc(N)cc1,benzocaine,1.45,1.42
1,Cn1cnc2N(C)C(=O)N(C)C(=O)c12,caffeine,2.3,2.95
1,C(C(C(CC)C)C(N)=O)C,valnoctamide,3.13,2.3
1,c1(ccc(c(c1)Cl)Cl)CC(=O)N1[C@H](C[N@@](C)CC1)CN1CCCC1,Sankyo,2.7,4.61
1,CC(NC1=NN=C(S1)[S](N)(=O)=O)=O,acetazolamide,2.46,2.43
1,[C@H]14[C@H]([C@@H]2[C@@H]3[C@H]([C@H]1C=C2)C=C3)C(=O)N(C4=O)CCCCN6CCN(C5=NC=CC=N5)CC6,zalospirone,4.8,4.33
1,C3=C(C2CN1C(CCN=C1C2)=O)C=CC=C3,rofelodine,3.1,3.08
1,C2=C(\C(C1=CC=CN=C1)=C\CN(C)C)C=CC(=C2)Br,zimeldine,2.24,2.79
1,[C@@]127C3=C4C[C@H]([C@@H]1C=C[C@@H]([C@@H]2OC3=C(C=C4)OC(C5=CN=CC=C5)=O)OC(C6=CN=CC=C6)=O)N(C)CC7,nicomorphine,5.29,3.18
1,OC1(CCN(CCCC(=O)c2ccc(F)cc2)CC1)c3ccc(Br)cc3,Bromperidol,2.17,2.92
1,NC(=O)C1(CCN(CCCC(=O)c2ccc(F)cc2)CC1)N3CCCCC3,pipamperone,2.41,4.1
1,C2=C(C1(OCCN(CC)CC)CCCCC1)C=CC(=C2)Cl,clofenciclan,2.44,3.19
1,C1=C(C=CC=C1N2CCN(CCNC(N)=O)CC2)C(F)(F)F,fluprazine,2.03,3.46
1,CCc1nc(N)nc(N)c1c2ccc(Cl)cc2,Pyrimethamine,2.12,2.95
1,C2=NC1=C(CC(NC)CC1)S2,etrabamine,3.46,2.91
1,C1=CC(=CC=C1C(C2=CC=CC=C2)SCCN(C)C)SCCCC,captodiame,2.73,2.66
1,[H+].C1=C(OC)C(=CC2=C1C(=O)C(C2)CC3CCN(CC3)CC4=CC=CC=C4)OC.[Cl-],donepezil,2.91,3.9
1,C(C1(C(NC(=O)NC1=O)=O)CC=C)C(=C)Br,brallobarbital,3.38,2.09
1,Nc1nnc(c(N)n1)c2cccc(Cl)c2Cl,lamotrigine,2.42,3.02
1,C1=C(C(=C(C=C1)Br)NC2=NCCN2)F,romifidine,2.65,2.45
1,OCCOC(=O)NCc1ccccc1,buramate,1.63,1.75
1,C1=CC=CC=C1CN2C(CC(C2)CN)=O,nebracetam,2.38,2.7
1,C1=CC=CC=C1C3(CCN(CCCC(C2=CC=C(F)C=C2)=O)CC3)CNC(C)=O,aceperone,2.25,3.86
1,C3=C(C(N1CCN(C)CC1)C2=CC=CC=C2)C=CC(=C3)Cl,chlorcyclizine,2.19,2.62
1,CCC(=O)N(C1CCN(CC1)CCc2ccccc2)c3ccccc3,fentanyl,1.98,3.61
1,C(Cl)(Cl)Cl,chloroform,3.18,1.0
1,C(CCl)(F)(F)F,111-trifluoro-2-chloroethane,2.62,1.39
1,C1=C(C=CC(=C1)[S](N)(=O)=O)C(O)=O,carzenide,1.53,1.37
1,S=C(NC1CCCCC1)N2CCC(CC2)c3[nH]cnc3,Thioperamide,2.57,3.78
1,[C@](OC(=O)CC)([C@@H](CN(C)C)C)(CC1=CC=CC=C1)C2=CC=CC=C2.[H+].[Cl-],darvon(dextropropoxypheneandlevopropoxyphene),3.31,2.8
1,C(C1(C(NC(N(C1=O)C)=O)=O)CC)C,metharbital,2.77,2.42
1,[H+].C1=C(CC(N(C)C)(CO)C)C=CC(=C1Cl)Cl.[Cl-],cericlamine,3.31,2.79
1,C(C(OC4CC3=CCC2C1C(C(CC1)C(C)=O)(CCC2C3(CC4)C)C)=O)CC(O)=O,pregnenolone-succinate,4.16,3.48
1,CN(C)N\N=C/1N=CN=C1C(N)=O,Dacarbazine,3.71,2.52
1,[C@]23([C@H]([C@H]1[C@]([C@@](OC(C)=O)(C(C)=O)CC1)(C)C[C@@H]2O)C[C@H](C)C4=CC(=O)C=C[C@]34C)F,fluorometholone-acetate,4.71,3.84
1,c1ccc(c(c1)[C@H](CC=C)N)c1c2c(on1)cccc2,Org34167,2.85,2.98
1,c1(c(cc2n(ncc2c1)CCN)Cl)Cl,9-C7,2.4,3.23
1,C4=C(C3=C(CCN2CCN(C1=C(C=CC=C1)OC)CC2)OC(N3)=O)C=CC(=C4)F,zoloperone,2.39,4.14
1,C(C1(CC(NC(C1)=O)=O)C)C,bemegride,3.0,2.41
1,CCN(CC)CCCC(C)Nc1ccnc2cc(Cl)ccc12,Chloroquine,2.67,3.43
1,C3=C(C(C1=CC=CC=C1)(C(OCCN2CCCCC2)=O)O)C=CC=C3,piperilate(pipethanate),2.03,2.63
1,C1=CC=CC=C1C(C(NC(N)=O)=O)CC,pheneturide,2.31,2.59
1,CO[C@]1(NC(=O)Cc2sccc2)[C@H]3SCC(=C(N3C1=O)C(O)=O)COC(N)=O,cefoxitin,3.72,3.97
1,C3=C(C1=NCCN=C2N(NC(=C12)C)C)C=CC=C3Cl,zometapine,3.03,4.01
1,c1(c(cc(NC(CCC)=O)cc1)C(C)=O)OCC(CNC(C)C)O,Bacitracin,2.57,3.58
1,[C@@H](N)(C(OCC(OC[N]1C2=C(N=C1)C(=O)N=C(N2)N)CO)=O)C(C)C,valganciclovir(RS790702),3.69,4.63
1,CC(CN(C)C)CN1c2ccccc2CCc3ccccc13,trimipramine,2.6,2.98
1,CN(C)CCOC(c1ccccc1)c2ccccc2C,orphenadrine,2.38,2.62
1,C(N1C(C(CC(C)C)NC1=S)=O)C=C,albutoin,3.21,2.67
1,C4=C(N2C(C1=C(SCCS1)C2=O)OC(N3CCN(C(CC)=O)CC3)=O)N=C5C(=C4)C=CC(=N5)Cl,suproclone,3.74,4.54
1,C(SC1=NSN=C1C2=CCCN(C2)C)CCCCC,tazomeline,2.97,3.67
1,C1=C(C(C(C)(C)O)(C)O)C=CC=C1Cl,metaglycodol,2.83,1.84
1,C1=C(C#N)C=CC3=C1N(C2=C(C=CC=C2)S3)CC(CN(C)C)C,cyamemazine,2.97,3.21
1,C1=C2C(=CC=C1)N(C(Cl)(CN=C2C3=CC=CC=C3Cl)CO)C,tuclazepam,3.2,3.19
1,C1=CC=CC3=C1C2=C(CCCCCC2)[N]3CCCN(C)C,iprindole,2.12,4.05
1,CC(C)NCC(O)c1ccc(N[S](C)(=O)=O)cc1,Sotalol,2.45,3.28
1,C(N1C(CCC1)=O)C(NCCN(C(C)C)C(C)C)=O,pramiracetam,2.3,3.58
1,O(C(C(F)(F)F)F)C(F)F,desflurane,3.78,2.12
1,[C@]23([C@@H]1[C@@H](C(=CO[C@H]1OC(=O)CC(C)C)COC(=O)CC(C)C)C[C@@H]2OC(=O)C)OC3,didrovaltrate,4.94,3.24
1,C1=C(C3=C(N=C1N2CCN(CC)CC2)CCCCCC3)C4=CC=C(F)C=C4,blonanserin,2.27,4.5
1,C1=C([S](C)(=O)=O)C=CC3=C1N(C2=C(C=CC=C2)S3)CCCN4CCC(C(N)=O)CC4,metopimazine,2.42,4.49
1,Fc1ccc(cc1)C(=O)CCCN2CCC(=CC2)N3C(=O)Nc4ccccc34,droperidol,2.52,3.9
1,CCCSc1ccc2nc(NC(=O)OC)[nH]c2c1,Albendazole,2.39,2.85
0,OCC(C)(O)c1onc(c2ncn3c2CN(C)C(c4c3cccc4Cl)=O)n1,M2L-663581,3.6,4.55
0,c1cc2c(cc(CC3=CNC(=NC3=O)NCCSCc3oc(cc3)CN(C)C)cc2)cc1,SKF-93619,2.87,4.42
0,CCNC(=NC#N)NCCSCc1c(cccn1)Br,12,3.13,3.25
0,CN(C)c1cc(C2=NC(N)=NN2)ccn1,11a,2.63,3.61
0,O=C(C)Nc1cc(c2csc(N=C(N)N)n2)ccc1,compound 34,2.27,3.33
0,CNC(=NC#N)Nc1cccc(c1)c1csc(n1)N=C(N)N,19,2.98,4.11
0,OC(C)(C)c1onc(c2ncn3c2CN(C)C(c4c3cccc4Cl)=O)n1,MIL-663581,3.05,4.42
0,CN(C)Cc1oc(CSCCNC2C([N+]([O-])=O)=CC=N2)cc1,compound 35,3.86,3.39
0,c1cccn2c1nc(c2)CCN,Y-G 20,2.32,2.78
0,CC(=O)Oc1ccccc1C(O)=O,acetylsalicylate,1.58,1.45
0,O=C1N=CN=C2NNC=C12,allopurinol,3.32,2.16
0,CCCCC[C@H](O)/C=C/[C@H]1[C@H](O)CC(=O)[C@@H]1CCCCCCC(O)=O,Alprostadil,3.67,4.16
0,CN1C(=O)N(C)c2nc[nH]c2C1=O.CN3C(=O)N(C)c4nc[nH]c4C3=O.NCCN,aminophylline,3.02,4.4
0,CCCCc1oc2ccccc2c1C(=O)c3cc(I)c(OCCN(CC)CC)c(I)c3,Amiodarone,2.73,4.03
0,O.O.O.CC1(C)S[C@@H]2[C@H](NC(=O)[C@H](N)c3ccc(O)cc3)C(=O)N2[C@H]1C(O)=O,amoxicillin,3.91,2.76
0,CC1(C)S[C@@H]2[C@H](NC(=O)[C@H](N)c3ccccc3)C(=O)N2[C@H]1C(O)=O,ampicillin,3.53,2.51
0,C[C@]1(O)CC[C@H]2[C@@H]3CCC4=CC(=O)CC[C@]4(C)[C@H]3CC[C@]12C,androsan,4.02,2.61
0,COc1cc(cc(OC)c1O)[C@H]2[C@@H]3C(COC3=O)[C@H](O[C@@H]4O[C@@H]5CO[C@@H](C)O[C@H]5[C@H](O)[C@H]4O)c6cc7OCOc7cc26,Etoposide,4.9,3.63
0,[Na+].CCOc1ccc2ccccc2c1C(=O)N[C@H]3[C@H]4SC(C)(C)[C@@H](N4C3=O)C([O-])=O,Nafcillin,3.83,2.36
0,CCN1C=C(C(O)=O)C(=O)c2ccc(C)nc12,Nalidixicacid,2.15,2.96
0,Cc1c(O)cccc1C(=O)N[C@@H](CSc2ccccc2)[C@H](O)CN3C[C@H]4CCCC[C@H]4C[C@H]3C(=O)NC(C)(C)C,Nelfinavir,4.04,4.74
0,COc1ccc(CCN2CCC(CC2)Nc3nc4ccccc4n3Cc5ccc(F)cc5)cc1,Astemizole,2.19,4.48
0,CN1C2CCC1CC(C2)OC(=O)C(CO)c3ccccc3,atropine,3.94,3.2
0,[Cl-].CN(C)[C@H]1[C@@H]2C[C@H]3C(=C(O)c4c(O)ccc(Cl)c4[C@@]3(C)O)C(=O)[C@]2(O)C(=O)\C(=C(N)/O)C1=O.[H+],Auxeomycin,4.77,4.3
0,C[C@H]1C[C@H]2[C@@H]3CCC4=CC(=O)C=C[C@]4(C)[C@@]3(F)[C@@H](O)C[C@]2(C)[C@@]1(O)C(=O)CO,Betamethasone,4.64,3.35
0,CC1(C)S[C@@H]2[C@H](NC(=O)C(C(O)=O)c3ccccc3)C(=O)N2[C@H]1C(O)=O,carbenicillin,3.6,2.95
0,C[C@@](Cc1ccc(O)c(O)c1)(NN)C(O)=O,carbidopa,2.99,2.72
0,CC(C)(C)NCC(O)COc1cccc2NC(=O)CCc12,carteolol,2.88,3.34
0,[Na+].Cc1sc(SCC2=C(N3[C@H](SC2)[C@H](NC(=O)Cn4cnnn4)C3=O)C([O-])=O)nn1,Cefazolin,4.16,3.86
0,CC(=O)OCC1=C(N2[C@H](SC1)[C@H](NC(=O)CSc3ccncc3)C2=O)C(O)=O,cephapirin,3.41,3.52
0,OC(=O)CCCc1ccc(cc1)N(CCCl)CCCl,chlorambucil,2.2,2.95
0,NCC(O)c1ccc(O)c(O)c1,Norepinephrine,2.68,2.47
0,COc1ccc2nc([nH]c2c1)[S](=O)Cc3ncc(C)c(OC)c3C,Omeprazole,3.04,3.69
0,Cc1onc(c2ccccc2)c1C(=O)N[C@H]3[C@H]4SC(C)(C)[C@@H](N4C3=O)C(O)=O,Oxacillin,3.47,2.94
0,CC1(C)S[C@@H]2[C@H](NC(=O)COc3ccccc3)C(=O)N2[C@H]1C([O-])=O,Phenoxymethylpenicillin,3.58,1.82
0,OCC(NC(=O)C(Cl)Cl)C(O)c1ccc(cc1)[N+]([O-])=O,chloramphenicol,3.13,2.41
0,N[S](=O)(=O)c1cc2c(NC=N[S]2(=O)=O)cc1Cl,chlorothiazide,3.17,3.04
0,CCCNC(=O)N[S](=O)(=O)c1ccc(Cl)cc1,chlorpropamide,1.8,2.14
0,CN(C)[C@H]1[C@@H]2C[C@H]3C(=C(O)c4c(O)ccc(Cl)c4[C@@]3(C)O)C(=O)[C@]2(O)C(=O)\C(=C(N)/O)C1=O,Chlortetracycline,4.58,4.21
0,N[S](=O)(=O)c1cc(ccc1Cl)C2(O)NC(=O)c3ccccc23,chlorthalidone,3.05,2.9
0,CCOC(=O)C(C)(C)Oc1ccc(Cl)cc1,clofibrate,1.83,1.67
0,CC(C)(Oc1ccc(Cl)cc1)C(O)=O,clofibric acid,1.76,1.62
0,Clc1ccccc1C(n2ccnc2)(c3ccccc3)c4ccccc4,clotrimazole,2.21,2.4
0,C[C@]12C[C@H](O)[C@H]3[C@@H](CCC4=CC(=O)CC[C@]34C)[C@@H]1CC[C@@H]2C(=O)CO,corticosterone,4.32,3.19
0,C[C@]12CCC(=O)C=C1CC[C@H]3[C@@H]4CC[C@](O)(C(=O)CO)[C@@]4(C)CC(=O)[C@H]23,Cortisone,4.32,3.02
0,CC[C@H](C)C(=O)O[C@H]1C[C@H](O)C=C2C=C[C@H](C)[C@H](CC[C@@H](O)C[C@@H](O)CC(O)=O)[C@@H]12,Pravastatin,4.63,3.66
0,COc1cc(NCc2ccc3nc(N)nc(N)c3c2C)cc(OC)c1OC,Trimetrexate,2.43,4.06
0,NC(CO)(CO)CO,Trometamol,3.16,1.18
0,O=C1Oc2ccccc2C=C1,coumarin,1.67,1.7
0,Nc1ccc(cc1)[S](=O)(=O)c2ccc(N)cc2,dapsone,1.76,2.12
0,C[C@H](CCC(O)=O)[C@H]1CC[C@H]2[C@H]3[C@H](CC(=O)[C@]12C)[C@@]4(C)CCC(=O)C[C@H]4CC3=O,Dehydrocholic acid,4.5,2.85
0,OC1=C(CC2=C(O)Oc3ccccc3C2=O)C(=O)c4ccccc4O1,dicumarol,2.61,3.22
0,CCN(CC)CCOC(=O)C1(CCCCC1)C2CCCCC2,dicyclomine,2.52,3.04
0,CC\C(c1ccc(O)cc1)=C(\CC)c2ccc(O)cc2,Diethylstilbestrol,2.14,2.68
0,Clc1ccc2N(C3CCN(CCCN4C(=O)Nc5ccccc45)CC3)C(=O)Nc2c1,Domperidone,2.44,4.79
0,OC1=C(C2CCC(CC2)c3ccc(Cl)cc3)C(=O)C(=O)c4ccccc14,Atovaquone,2.3,3.6
0,OC(=O)CCCCCCCC(O)=O,Azelaicacid,1.64,1.96
0,[Cl-].CC(C[N+](C)(C)C)OC(N)=O,Bethanechol,3.78,1.43
0,CC[N+](C)(C)Cc1ccccc1Br.Cc2ccc(cc2)[S]([O-])(=O)=O,Bretyliumtosilate,2.74,1.96
0,CC(C)C[C@@H]1N2C(=O)[C@](NC(=O)[C@H]3CN(C)[C@@H]4Cc5c(Br)[nH]c6cccc(C4=C3)c56)(O[C@@]2(O)[C@@H]7CCCN7C1=O)C(C)C,Bromocriptine,5.03,4.94
0,NCCc1ccc(O)c(O)c1,dopamine,1.95,2.23
0,COc1cccc2C(=O)c3c(O)c4C[C@](O)(C[C@H](O[C@H]5C[C@H](N)[C@H](O)[C@H](C)O5)c4c(O)c3C(=O)c12)C(=O)CO,doxorubicin,4.49,3.74
0,O.C[C@@H]1[C@H]2[C@H](O)[C@H]3[C@H](N(C)C)C(=O)C(=C(N)/O)/C(=O)[C@@]3(O)C(=O)C2=C(O)c4c(O)cccc14,doxycycline,4.63,4.07
0,[Cl].CCCCOc1ccc(cc1)C(=O)CCN2CCCCC2,Dyclonine,1.93,2.67
0,Clc1ccc(COC(Cn2ccnc2)c3ccc(Cl)cc3Cl)cc1,Econazole,2.72,3.33
0,CC(C)[C@H](NC(=O)[C@H](Cc1ccccc1)NC(=O)CNC(=O)[C@@H](C)NC(=O)[C@@H](N)Cc2ccc(O)cc2)C(N)=O,enkephalin,3.47,4.45
0,CN[C@@H](C)[C@H](O)c1ccccc1,Ephedrine,2.57,1.47
0,CNC[C@H](O)c1ccc(O)c(O)c1,epinephrine,2.65,2.61
0,C[C@]12CC[C@H]3[C@@H](CCc4cc(O)ccc34)[C@@H]1CC[C@@H]2O,estradiol,3.59,2.87
0,CC1=C(N2[C@H](SC1)[C@H](NC(=O)[C@H](N)C3=CCC=CC3)C2=O)C(O)=O,Cefradine,4.14,3.88
0,[Br-].C[N+]12CCC(CC1)C(C2)OC(=O)C(O)(c3ccccc3)c4ccccc4,Clidiniumbromide,3.98,3.0
0,C[C@]12CC[C@H]3[C@@H](CCc4cc(O)ccc34)[C@@H]1CCC2=O,estrone,3.47,2.5
0,CCC(=C)C(=O)c1ccc(OCC(O)=O)c(Cl)c1Cl,Ethacrynic acid,2.54,2.93
0,C[C@]12CC[C@H]3[C@@H](CCc4cc(O)ccc34)[C@@H]1CC[C@@]2(O)C#C,ethinylestradiol,3.93,2.91
0,CC(Cc1ccc(O)cc1)NCC(O)c2cc(O)cc(O)c2,fenoterol,2.98,3.71
0,OC[C@H]1O[C@H](C[C@@H]1O)N2C=C(F)C(=O)NC2=O,floxuridine,3.47,2.54
0,Cc1onc(c1C(=O)N[C@H]2[C@H]3SC(C)(C)[C@@H](N3C2=O)C(O)=O)c4c(F)cccc4Cl,Flucloxacillin,3.67,3.96
0,FC1=CNC(=O)NC1=O,fluorouracil,2.66,1.99
0,N[S](=O)(=O)c1cc(C(O)=O)c(NCc2occc2)cc1Cl,furosemide,2.28,2.86
0,NC1=NC(=O)c2ncn(COC(CO)CO)c2N1,ganciclovir,2.96,3.89
0,[Br-].C[N+]1(C)CCC(C1)OC(=O)C(O)(C2CCCC2)c3ccccc3,glycopyrrolate,3.65,2.54
0,CC(C)N=C1C=C2N(c3ccc(Cl)cc3)c4ccccc4N=C2C=C1Nc5ccc(Cl)cc5,Clofazimine,2.52,4.57
0,COC1=CC=C2C(=CC1=O)[C@H](CCc3cc(OC)c(OC)c(OC)c23)NC(C)=O,Colchicine,2.92,3.17
0,OC(COc1ccc2OC(=CC(=O)c2c1)C(O)=O)COc3cccc4OC(=CC(=O)c34)C(O)=O,Cromoglicicacid,3.12,4.53
0,[Br-].CC(C)[N+]1(C)C2CCC1CC(C2)OC(=O)C(CO)c3ccccc3,Ipratropiumbromide,4.69,2.73
0,NC(N)=N\N=C\c1c(Cl)cccc1Cl,guanabenz,2.48,2.04
0,NC(N)=NCCN1CCCCCCC1,guanethidinesulfate,2.08,2.86
0,CN1C2CCC1CC(C2)OC(=O)C(O)c3ccccc3,homatropine,3.89,3.17
0,NNc1nncc2ccccc12,hydralazine,2.24,2.2
0,N[S](=O)(=O)c1cc2c(NCN[S]2(=O)=O)cc1Cl,Hydrochlorothiazide,3.21,3.31
0,C[C@]12CCC(=O)C=C1CC[C@H]3[C@@H]4CC[C@](O)(C(=O)CO)[C@@]4(C)C[C@H](O)[C@H]23,Hydrocortisone,4.35,2.61
0,N[S](=O)(=O)c1cc2c(NCN[S]2(=O)=O)cc1C(F)(F)F,hydroflumethiazide,3.27,3.61
0,CC(C)Cc1ccc(cc1)C(C)C(O)=O,ibuprofen,2.19,2.59
0,COc1ccc2n(c(C)c(CC(O)=O)c2c1)C(=O)c3ccc(Cl)cc3,indomethacin,2.08,2.71
0,c12c(c(ccc1)Cl)C(N(Cc1n2cnc1c1nc(on1)[C@](CO)(C)O)C)=O,35,3.6,4.62
0,NCCc1cn2c(n1)cccc2,1-47,2.32,2.78
0,CCC(C)N1N=CN(C1=O)c2ccc(cc2)N3CCN(CC3)c4ccc(OC[C@H]5CO[C@@](Cn6cncn6)(O5)c7ccc(Cl)cc7Cl)cc4,Itraconazole,4.12,4.98
0,NCC1OC(OC2C(N)CC(N)C(OC3OC(CO)C(O)C(N)C3O)C2O)C(O)C(O)C1O,Kanamycin,5.05,3.76
0,OC(=O)C1CCn2c1ccc2C(=O)c3ccccc3,Ketorolac,2.69,2.81
0,C[C@H](N)[C@H](O)c1cccc(O)c1,Metaraminol,2.83,1.92
0,NNC(=O)c1ccncc1,isoniazid,1.9,1.54
0,CC(C)NCC(O)c1ccc(O)c(O)c1,Isoproterenol,2.6,2.87
0,OC[C@H]1O[C@@H](OC2=C(Oc3cc(O)cc(O)c3C2=O)c4ccc(O)c(O)c4)[C@H](O)[C@@H](O)[C@@H]1O,Isoquercitrin,4.01,1.93
0,CC(=O)N1CCN(CC1)c2ccc(OC[C@H]3CO[C@@](Cn4ccnc4)(O3)c5ccc(Cl)cc5Cl)cc2,Ketoconazole,3.44,4.5
0,CC(CCc1ccccc1)NCC(O)c2ccc(O)c(c2)C(N)=O,labetalol,2.81,3.99
0,N[C@@H](Cc1ccc(O)c(O)c1)C(O)=O,levodopa,2.43,2.07
0,OCC(O)C(O)C(O)C(O)CO,mannitol,3.56,1.43
0,CN(C)C1C2C(O)C3C(=C)c4c(Cl)ccc(O)c4C(=C3C(=O)C2(O)C(=O)\C(=C(N)/O)C1=O)O,Meclocycline,4.68,4.01
0,Cc1ccc(Cl)c(Nc2ccccc2C(O)=O)c1Cl,Meclofenamate,1.91,2.31
0,Cc1cccc(Nc2ccccc2C(O)=O)c1C,Mefenamic_acid,1.65,2.21
0,CN=C(NCCSCc1nc[nH]c1C)NC#N,Cimetidine,3.25,3.8
0,OC[C@@H]1CC[C@@H](O1)n2cnc3C(=O)N=CNc23,Didanosine,3.61,3.8
0,CC#C[C@]1(O)CC[C@H]2[C@@H]3CCC4=CC(=O)CCC4=C3[C@H](C[C@]12C)c5ccc(cc5)N(C)C,Mifepristone,4.36,3.77
0,[Br-].CC(C)[N+](C)(CCOC(=O)C1c2ccccc2Oc3ccccc13)C(C)C,Propanthelinebromide,2.92,3.26
0,COc1ccc2nccc([C@@H](O)[C@@H]3C[C@H]4CCN3C[C@@H]4C=C)c2c1,Quinine,4.52,2.16
0,NC(Cc1ccc(cc1)N(CCCl)CCCl)C(O)=O,melphalan,2.74,3.28
0,[Br-].C[N+]1(C)CCCC(C1)OC(=O)C(O)(c2ccccc2)c3ccccc3,mepenzolatebromide,3.17,1.79
0,COc1ccc(CN(CCN(C)C)c2ccccn2)cc1,mepiramine,2.0,2.45
0,C1CN2CCC1C(C2)CN3c4ccccc4Sc5ccccc35,mequitazine,3.58,4.14
0,COc1ccc2[C@H]3CC[C@@]4(C)[C@@H](CC[C@@]4(O)C#C)[C@@H]3CCc2c1,mestranol,3.81,2.68
0,CC[N+](C)(CC)CCOC(=O)C1c2ccccc2Oc3ccccc13,methantheline,2.64,2.62
0,CN(Cc1cnc2nc(N)nc(N)c2n1)c3ccc(cc3)C(=O)N[C@@H](CCC(O)=O)C(O)=O,methotrexate,3.09,4.41
0,CN1C(CCl)Nc2cc(Cl)c(cc2[S]1(=O)=O)[S](N)(=O)=O,Methyclothiazide,3.79,3.71
0,C[C@](N)(Cc1ccc(O)c(O)c1)C(O)=O,methyldopa,2.75,2.72
0,[Cl-].[Cl-].[Cl-].COc1cccnc1CCCCNC2=NC=C(Cc3ccc(C)nc3)C(=O)N2.[H+].[H+].[H+],Icotidine,3.29,4.81
0,Cc1ccc(CC2=CN=C(NCCSCc3oc(cc3)C(C)(C)N)NC2=O)cn1,Lupitidine,3.11,4.49
0,CC(C)[C@H](NC(=O)N(C)Cc1csc(n1)C(C)C)C(=O)N[C@H](C[C@H](O)[C@H](Cc2ccccc2)NC(=O)OCc3scnc3)Cc4ccccc4,Ritonavir,4.19,4.65
0,CC(C)(C)NC(=O)[C@@H]1C[C@@H]2CCCC[C@@H]2CN1C[C@@H](O)[C@H](Cc3ccccc3)NC(=O)[C@H](CC(N)=O)NC(=O)c4ccc5ccccc5n4,Saquinavir,4.24,4.59
0,[Na+].CC(=O)Nc1c(I)c(NC(C)=O)c(I)c(C([O-])=O)c1I,Sodiumamidotrizoate,3.45,2.6
0,CN[C@H]1[C@H](O)[C@@H](O)[C@H](CO)O[C@H]1O[C@H]2[C@@H](O[C@@H](C)[C@]2(O)C=O)O[C@H]3[C@H](O)[C@@H](O)[C@H](N=C(N)N)[C@@H](O)[C@@H]3N=C(N)N,Streptomycin,5.68,3.39
0,C[C@H]1C[C@H]2[C@@H]3CC[C@](O)(C(=O)CO)[C@@]3(C)C[C@H](O)[C@@H]2[C@@]4(C)C=CC(=O)C=C14,Methylprednisolone,4.63,3.56
0,Clc1ccc(COC(Cn2ccnc2)c3ccc(Cl)cc3Cl)c(Cl)c1,Miconazole,2.86,3.24
0,C[C@]12CC[C@H]3[C@@H](CCC4=CC(=O)CC[C@H]34)[C@@H]1CC[C@@H]2O,nandrolone,4.06,2.83
0,CCOC(=O)C(C1=C(O)Oc2ccccc2C1=O)C3=C(O)Oc4ccccc4C3=O,neodicoumarol,2.79,3.31
0,OCc1cccnc1,Nicotinyl alcohol,1.75,1.37
0,C[C@]12CC[C@H]3[C@@H](CCC4=CC(=O)CC[C@H]34)[C@@H]1CC[C@@]2(O)C#C,norethindrone,4.37,2.98
0,NCC(O)c1cccc(O)c1,norfenefrine,2.49,2.01
0,CC(CCc1ccccc1)NC(C)C(O)c2ccc(O)cc2,nylidrin,2.95,2.82
0,C[C@]1(O)CC[C@H]2[C@@H]3CC[C@H]4CC(=O)OC[C@]4(C)[C@H]3CC[C@]12C,Oxandrolone,4.33,3.27
0,OC(=O)CCc1oc(c2ccccc2)c(n1)c3ccccc3,Oxaprozin,1.91,2.94
0,CNC(/NCCSCc1oc(CN(C)C)cc1)=C\[N+]([O-])=O,Ranitidine,3.01,3.11
0,O.O.CN(C)[C@H]1[C@@H]2[C@@H](O)[C@H]3C(=C(O)c4c(O)cccc4[C@@]3(C)O)C(=O)[C@]2(O)C(=O)\C(=C(N)/O)C1=O,oxytetracycline,4.86,3.64
0,COc1ccc(Cc2nccc3cc(OC)c(OC)cc23)cc1OC,papaverine,2.03,3.15
0,CC1(C)S[C@@H]2[C@H](NC(=O)Cc3ccccc3)C(=O)N2[C@H]1C(O)=O,penicillin G,3.2,3.1
0,CCOc1ccc(NC(C)=O)cc1,phenacetin,1.31,1.73
0,Nc1ccc(N=Nc2ccccc2)c(N)n1,phenazopyridine,2.48,1.97
0,CN(C)CCC(c1ccccc1)c2ccccn2,pheniramine,2.39,2.93
0,Oc1ccc(cc1)C2(OC(=O)c3ccccc23)c4ccc(O)cc4,Phenolphthalein,2.3,2.05
0,CC(COc1ccccc1)N(CCCl)Cc2ccccc2,phenoxybenzamine,2.37,2.44
0,CCCCC1C(=O)N(N(C1=O)c2ccccc2)c3ccccc3,Phenylbutazone,2.26,2.44
0,CC(C)(C)NCC(O)c1ccc(O)c(CO)n1,pirbuterol,3.18,2.94
0,Cc1ccc(CC2=CN=C(NCCCCc3ncc(Br)cc3C)NC2=O)cn1,Temelastine,2.75,4.56
0,NC(N)=NCC1COC2(CCCCC2)O1,Guanadrel,3.84,1.93
0,[Na+].[O-][S](=O)(=O)CCS,Mesna,4.51,1.04
0,CN(N=O)C(=O)N[C@H]1[C@@H](O)O[C@H](CO)[C@@H](O)[C@@H]1O,Streptozotocin,4.24,2.42
0,CN1C(CSCC(F)(F)F)Nc2cc(Cl)c(cc2[S]1(=O)=O)[S](N)(=O)=O,Polythiazide,3.95,3.97
0,C[C@]12C[C@H](O)[C@H]3[C@@H](CCC4=CC(=O)C=C[C@]34C)[C@@H]1CC[C@]2(O)C(=O)CO,prednisolone,4.42,2.77
0,C[C@]12CC(=O)[C@H]3[C@@H](CCC4=CC(=O)C=C[C@]34C)[C@@H]1CC[C@]2(O)C(=O)CO,prednisone,4.39,3.08
0,CCCN(CCC)[S](=O)(=O)c1ccc(cc1)C(O)=O,probenecid,1.85,2.34
0,CC(=O)[C@H]1CC[C@H]2[C@@H]3CCC4=CC(=O)CC[C@]4(C)[C@H]3CC[C@]12C,progesterone,3.95,2.87
0,CC(C)NCC(O)COc1cccc2ccccc12,propranolol,2.3,2.57
0,CC1OC(O[C@H]2CC[C@]3(C)[C@H]4CC[C@]5(C)[C@H](CC[C@]5(O)[C@@H]4CCC3=C2)C6=COC(=O)C=C6)C(O)C(O)C1O,proscillaridin,5.05,2.98
0,COc1ccc(C[C@H](N)C(=O)NC2[C@@H](O)[C@@H](O[C@@H]2CO)n3cnc4c(ncnc34)N(C)C)cc1,puromycin,3.94,4.39
0,NC(=O)c1ncn(n1)[C@@H]2O[C@H](CO)[C@@H](O)[C@H]2O,ribavirin,3.87,2.59
0,c12c(C(N(Cc3n1cnc3c1noc(n1)C(CO)(CO)C)C)=O)c(ccc2)Cl,Bis-hydroxylated-L-663581,3.25,4.52
0,c12c(C(N(Cc3n1cnc3c1noc(n1)C(O)(C)C)C)=O)c(ccc2)Cl,Mono-hydroxylated-L-663581,3.05,4.42
0,OC(=O)c1ccccc1O,salicylic acid,1.43,1.48
0,CN1[C@@H]2CC(C[C@H]1[C@@H]3O[C@H]23)OC(=O)[C@H](CO)c4ccccc4,scopolamine,4.73,2.25
0,CC(=O)S[C@@H]1CC2=CC(=O)CC[C@]2(C)[C@H]3CC[C@@]4(C)[C@@H](CC[C@@]45CCC(=O)O5)[C@H]13,Spironolactone,5.13,3.92
0,C[C@]1(O)CC[C@H]2[C@@H]3CC[C@H]4Cc5[nH]ncc5C[C@]4(C)[C@H]3CC[C@]12C,Stanozolol,4.48,3.47
0,OC(=O)C1=C\C(C=CC1=O)=N/Nc2ccc(cc2)[S](=O)(=O)Nc3ccccn3,sulfasalazine,2.58,3.66
0,CC(C)N1CCN(CC1)c2ccc(OC[C@H]3CO[C@@](Cn4cncn4)(O3)c5ccc(Cl)cc5Cl)cc2,Terconazole,3.49,4.77
0,C[C@]12CC[C@H]3[C@@H](CCC4=CC(=O)C=C[C@]34C)[C@@H]1CCC(=O)O2,testolactone,4.21,3.32
0,C[C@]12CC[C@H]3[C@@H](CCC4=CC(=O)CC[C@]34C)[C@@H]1CC[C@@H]2O,testosterone,3.9,2.52
0,CN(C)[C@H]1[C@@H]2C[C@H]3C(=C(O)c4c(O)cccc4[C@@]3(C)O)C(=O)[C@]2(O)C(=O)\C(=C(N)/O)C1=O,TetraCycline,4.48,4.01
0,CC(C)NCC(O)COc1ccc(CC(N)=O)cc1,Atenolol,2.44,2.96
0,C[C@]12CCC(=O)C=C1CC[C@H]3[C@@H]4CC[C@H](C(=O)CO)[C@]4(C[C@H](O)[C@H]23)C=O,aldosterone,4.64,3.34
0,CN1C(=O)N(C)c2nc[nH]c2C1=O,theophylline,2.54,2.8
0,NC1=NC(=S)c2[nH]cnc2N1,thioguanine,3.3,2.44
0,Cc1ccc(cc1)[S](=O)(=O)NC(=O)NN2CCCCCC2,tolazamide,2.13,2.33
0,CCCCNC(=O)N[S](=O)(=O)c1ccc(C)cc1,tolbutamide,1.79,2.01
0,C[C@]12C[C@H](O)[C@@]3(F)[C@@H](CCC4=CC(=O)C=C[C@]34C)[C@@H]1C[C@@H](O)[C@]2(O)C(=O)CO,Triamcinolone,4.68,3.51
0,Nc1nc(N)c2nc(c3ccccc3)c(N)nc2n1,Triamterene,2.36,3.42
0,N[S](=O)(=O)c1cc2c(NC(N[S]2(=O)=O)C(Cl)Cl)cc1Cl,Trichlormethiazide,3.88,3.16
0,COc1ccc(CCN(C)CCCC(C#N)(C(C)C)c2ccc(OC)c(OC)c2)cc1OC,verapamil,2.94,3.55
0,CC(=O)CC(c1ccccc1)C2=C(O)Oc3ccccc3C2=O,warfarin,2.74,2.74
0,c1(ccc(c(c1)Cl)Cl)CC(N1[C@@H](c2c(CC1)[nH]cn2)CN1CCCC1)=O,BRL52974,3.06,4.39
0,CC(C)(C(O)=O)c1ccc(cc1)C(=O)CCCN2CCC(CC2)OC(c3ccccc3)c4ccccc4,carebastine,2.46,4.11
0,OC(=O)COCCN1CCN(CC1)C(c2ccccc2)c3ccc(Cl)cc3,cetirizine,2.48,3.46
0,OC(=O)C1=CN(C2CC2)c3cc(N4CCNCC4)c(F)cc3C1=O,ciprofloxacin,2.47,3.77
0,c1cn(CCO)c(CC)c(O)c1=O,cp102,2.7,3.02
0,c1cn(CCCCO)c(CC)c(O)c1=O,cp107,2.59,3.03
0,COC(=O)[C@H]1[C@@H](O)CC[C@H]2CN3CCc4c([nH]c5ccccc45)[C@@H]3C[C@H]12,yohimbine,3.87,3.61
0,CC1=CN([C@H]2C[C@H](N=[N+]=[N-])[C@@H](CO)O2)C(=O)NC1=O,zidovudine,3.85,2.9
0,c1cn(CCCO)c(C)c(O)c1=O,cp41,2.48,2.66
0,CN1CCN(CC1)c2cc3N(C=C(C(O)=O)C(=O)c3cc2F)c4ccc(F)cc4,difloxacin,2.33,4.41
0,c1ccc([C@H](C[N@]2CC[C@H](C2)O)N(C(Cc2ccccc2N)=O)C)cc1,EMD60400,2.98,3.77
0,CCN1C=C(C(O)=O)C(=O)c2cc(F)c(nc12)N3CCNCC3,enoxacin,2.53,3.6
0,CN1CCN(CC1)c2c(F)cc3C(=O)C(=CN(CCF)c3c2F)C(O)=O,fleroxacin,2.67,4.16
0,c1(ccc(c(c1)Cl)Cl)CC(=O)N1[C@H](CN(C(=O)C)CC1)C[N@@]1C[C@H](O)CC1,GR94839,3.15,4.51
0,c1(CC(N2[C@H](CN(CC2)C(=O)C)C[N@]2CC[C@H](C2)O)=O)ccc(C(F)(F)F)cc1,GR94839_A,3.18,4.95
0,c1(ccc(cc1)SC)CC(N1[C@H](CN(CC1)C(=O)C)C[N@]1CC[C@H](C1)O)=O,GR94839_B,3.19,4.38
0,c1(CC(N2[C@H](CN(CC2)C(=O)C)C[N@]2CC[C@H](C2)O)=O)cc(cc(c1)F)F,GR94839_C,3.24,4.71
0,c1(CC(N2[C@H](CN(CC2)C(=O)C)C[N@]2CC[C@H](C2)O)=O)cc(ccc1)OC,GR94839_D,3.07,4.37
0,c1(CC(N2[C@H](CN(CC2)C(=O)C)C[N@]2CC[C@H](O)C2)=O)ccc(N(=O)=O)cc1,GR94839_E,3.16,4.09
0,c1(CC(N2[C@H](CN(CC2)C(=O)C)C[N@]2CC[C@H](C2)O)=O)ccc(OC)cc1,GR94839_F,3.03,4.49
0,CCCC(C)C1(CC)C(=O)NC(=S)NC1=O,Thiopental,3.56,2.73
0,c1(CC(N2[C@H](CN(CC2)C(=O)C)C[N@]2CC[C@H](O)C2)=O)cc(ccc1)N(=O)=O,GR94839_G,3.2,4.01
0,c1(ccccc1)CC(N1[C@H](CN(CC1)C(=O)C)C[N@]1CC[C@H](C1)O)=O,GR94839_H,2.98,4.06
0,c1(CC(N2[C@H](CN(CC2)C(=O)C)C[N@]2CC[C@H](O)C2)=O)ccc([S@](=O)C)cc1,GR94839_I,3.57,4.87
0,c1(CC(N2[C@H](CN(CC2)C(=O)C)C[N@]2CC[C@H](O)C2)=O)ccc(S(=O)(=O)C)cc1,GR94839_L,3.16,4.39
0,CN1C(=C(\O)Nc2cc(C)on2)/C(=O)c3ccccc3[S]1(=O)=O,isoxicam,2.9,3.51
0,CCN1C=C(C(O)=O)C(=O)c2cc(F)c(N3CCNC(C)C3)c(F)c12,lomefloxacin,3.16,4.08
0,CN(C)C(=O)C(CCN1CCC(O)(CC1)c2ccc(Cl)cc2)(c3ccccc3)c4ccccc4,loperamide,2.55,3.55
0,n1c(scc1c1ccccc1)CCN,Y-G19,1.86,2.61
0,c1c(nc2n1cccc2)CCN,Y-G20,2.32,2.78
0,CCOC(=O)N1CCC(CC1)=C2c3ccc(Cl)cc3CCc4cccnc24,loratadine,2.52,3.58
0,CN1C(=C(/O)Nc2sc(C)cn2)/C(=O)c3ccccc3[S]1(=O)=O,meloxicam,2.95,3.98
0,CCN1C=C(C(O)=O)C(=O)c2cc(F)c(cc12)N3CCNCC3,norfloxacin,2.41,3.7
0,CCN1C=C(C(O)=O)C(=O)c2cc(F)c(cc12)N3CCN(C)CC3,pefloxacin,2.3,4.02
0,CN1C(=C(/O)Nc2ccccn2)/C(=O)c3ccccc3[S]1(=O)=O,piroxicam,2.72,3.66
0,CC(C)Nc1cccnc1N2CCN(CC2)C(=O)c3[nH]c4ccc(N[S](C)(=O)=O)cc4c3,Delavirdine,2.53,4.97
0,CC(C)(C)c1ccc(cc1)C(=O)CCCN2CCC(CC2)OC(c3ccccc3)c4ccccc4,Ebastine,2.29,3.8
0,CN1CCN(CC1)c2c(F)cc3C(=O)C(=CN4CCSc2c34)C(O)=O,rufloxacin,2.83,4.04
0,CC(C)(C)NCC(O)c1ccc(O)c(CO)c1,salbutamol,2.74,2.89
0,c1(ccc(c(c1)Cl)Cl)CC(N1[C@H](C[C@]2(CC1)NC(NC2=O)=O)CN1CCCC1)=O,SB204454,3.89,4.27
0,c1(ccc(c(c1)Cl)Cl)CC(N1[C@H](C[N@@]2C[C@@H](CC2)O)c2n(CC1)ccn2)=O,SB204459,3.5,4.61
0,c1(ccc(c(c1)Cl)Cl)CC(N1[C@@H](C[N@@]2C[C@@H](CC2)O)C[N@](CC1)CCO)=O,SB205563,3.17,4.57
0,c1(ccc(c(c1)Cl)Cl)CC(N1[C@H](C[N@@]2C[C@@H](CC2)O)c2c(CC1)[nH]cn2)=O,SB205605,3.46,4.55
0,c1cc2c(C(N[C@@H](CC)c3ccccc3)=O)c(c(nc2cc1)c1ccccc1)OCC(O)=O,skb-d,2.64,3.86
0,c1cc2c(C(N[C@@H](CC)c3ccccc3)=O)c(c(c3ccccc3)nc2cc1)OCCCC(O)=O,skb-e,2.7,3.96
0,c1ccc2c(c(C(N[C@@H](CC)c3ccccc3)=O)c(OCCNC(Cc3c(cccc3)C(=O)O)=O)c(c3ccccc3)n2)c1,skb-f,2.99,4.33
0,c1cc2c(c(OCCNC(Cc3ncccc3)=O)c(c3ccccc3)nc2cc1)C(N[C@@H](CC)c1ccccc1)=O,skb-g,2.92,4.45
0,c1cc2c(c(c(c3ccccc3)nc2cc1)OCCNC([C@@H]1CCCN1)=O)C(=O)N[C@@H](CC)c1ccccc1,skb-h,3.22,4.25
0,c1cc2c(C(N[C@@H](CC)c3ccccc3)=O)c(c(nc2cc1)c1ccccc1)Cn1cncc1,skb-i,2.77,4.29
0,C[C@H]1CN(C[C@@H](C)N1)c2c(F)c(N)c3C(=O)C(=CN(C4CC4)c3c2F)C(O)=O,sparfloxacin,3.68,4.58
0,CN1C(=C(\O)Nc2ccccn2)/C(=O)c3sccc3[S]1(=O)=O,tenoxicam,3.16,3.95
0,CC(C)(C)c1ccc(cc1)C(O)CCCN2CCC(CC2)C(O)(c3ccccc3)c4ccccc4,terfenadine,2.86,3.8
0,c1c(oc(c1)CN(C)C)CSCCNc1nc(c(c[nH]1)Cc1cc2c(cc1)cccc2)=O,4,2.87,4.42
0,CN(C)Cc1oc(cc1)CSCCNC=1NC=C(CN1)Cc1cnc(cc1)C,8-5,3.3,4.64
0,c1(nccc(c1)c1nc([nH]n1)N)N(C)C,BBcpd10,2.67,3.6
0,NCCCNCCS[P](O)(O)=O,Amifostine,3.02,3.0
0,Nc1ccc(C(O)=O)c(O)c1,Aminosalicylicacid,1.88,1.4
0,COc1cccc2C(=O)c3c(O)c4C[C@](O)(C[C@H](O[C@H]5C[C@H](N)[C@H](O)[C@H](C)O5)c4c(O)c3C(=O)c12)C(C)=O,Daunorubicin,4.42,3.62
0,CN(C)[C@H]1[C@@H]2C[C@@H]3[C@H](O)c4c(Cl)ccc(O)c4C(=C3C(=O)[C@]2(O)C(=O)\C(=C(N)/O)C1=O)O,Demeclocycline,4.54,4.09
0,C[C@@H](CN1CC(=O)NC(=O)C1)N2CC(=O)NC(=O)C2,Dexrazoxane,3.34,2.98
0,CN1C[C@@H](C[C@H]2[C@H]1Cc3c[nH]c4cccc2c34)C(=O)N[C@]5(C)O[C@@]6(O)[C@@H]7CCCN7C(=O)[C@H](Cc8ccccc8)N6C5=O,Dihydroergotamine,4.74,4.54
0,FC(F)(F)[C@]1(OC(=O)Nc2ccc(Cl)cc12)C#CC3CC3,Efavirenz,3.57,3.45
0,CCOC(=O)[C@H](CCc1ccccc1)N[C@@H](C)C(=O)N2CCC[C@H]2C(O)=O,Enalapril,3.05,3.06
0,CC[C@@H](CO)NCCN[C@@H](CC)CO,Ethambutol,3.21,2.71
0,CC1(C)S[C@@H]2[C@H](NC(=O)CCC[C@@H](N)C(O)=O)C(=O)N2[C@H]1C(O)=O,adicillin,3.71,3.75
0,CNCC(O)c1ccc(O)c(O)c1,adrenaline,2.65,2.45
0,COc1cccc2C(=O)c3c(O)c4CC(O)(CC(O)c4c(O)c3C(=O)c12)C(=O)CO,adriamycinol-aglycone,3.6,4.2
0,[Na+].CC1(C)SC2C(NC(=O)CSCC=C)C(=O)N2C1C([O-])=O,almecillin,4.39,2.97
0,CC1(C)S[C@@H]2[C@H](NC(=O)C34C[C@H]5C[C@H](CC(N)(C5)C3)C4)C(=O)N2[C@H]1C(O)=O,amantocillin,5.6,3.61
0,CC(C)(C)C(=O)OCOC(=O)C1N2[C@H](SC1(C)C)[C@H](N=CN3CCCCCC3)C2=O,amdinocillinpivoxil,4.16,3.09
0,CN(C)[C@H]1[C@@H]2C[C@@H]3Cc4ccc(N)c(O)c4C(=C3C(=O)[C@]2(O)C(=O)\C(=C(N)/O)C1=O)O,amicycline,4.34,4.28
0,[Cl-].CC(=O)[C@@]1(N)C[C@H](O[C@H]2C[C@H](O)[C@H](O)CO2)c3c(O)c4C(=O)c5ccccc5C(=O)c4c(O)c3C1.[H+],amrubicin,4.56,4.8
0,CC1(C)S[C@@H]2C(NC(=O)[C@H](NC(=O)C3=CNc4cccnc4C3=O)c5ccccc5)C(=O)N2[C@H]1C(O)=O,apalcillin,3.89,4.21
0,CN(C)[C@H]1[C@@H]2C[C@H]3C(=C(O)c4c(O)cccc4[C@@]3(C)O)C(=O)[C@]2(O)C(=O)\C(=C(/O)NC(N5CCN(CCO)CC5)C(O)=O)C1=O,apicycline,4.94,5.0
0,CN[C@H]1[C@@H](O)[C@H]2O[C@@H](O[C@@H]3[C@@H](N)C[C@@H](N)[C@H](O)[C@H]3O)[C@H](N)C[C@@H]2O[C@@H]1O[C@H]4O[C@H](CO)[C@@H](N)[C@H](O)[C@H]4O,apramycin,5.53,3.76
0,NCC[C@H](O)C(=O)N[C@@H]1C[C@H](N)[C@@H](O[C@H]2O[C@H](CN)CC[C@H]2N)[C@H](O)[C@H]1O[C@H]3O[C@H](CO)[C@@H](O)[C@H](N)[C@H]3O,arbekacin,5.27,4.55
0,CNC(=O)C[C@@H](N)C(=O)N[C@@H](C(=O)N[C@H]1[C@H]2SC(C)(C)[C@@H](N2C1=O)C(O)=O)c3ccc(O)cc3,aspoxicillin,4.02,4.14
0,CO[C@H]1[C@@H](O)[C@H](N)[C@@H](O[C@H]2O[C@@H](CC[C@H]2N)C(C)N)[C@H](O)[C@@H]1N(C)C(=O)CN,astromicin,5.12,4.14
0,C[C@H]1[C@H](NC(=O)C(=N/OC(C)(C)C(O)=O)\c2csc([NH3+])n2)C(=O)N1[S]([O-])(=O)=O,aztreonam,4.61,3.78
0,CCOC(=O)OC(C)OC(=O)[C@@H]1N2[C@H](SC1(C)C)[C@H](N=CN3CCCCCC3)C2=O,bacmecillinam,4.33,3.02
0,NCC1OC(OC2C(N)CC(N)C(OC3OC(CO)C(O)C(N)C3O)C2O)C(N)C(O)C1O,bekanamycin,5.15,3.87
0,NC(CO)C(=O)NNCc1ccc(O)c(O)c1O,benserazide,3.13,3.61
0,CC(C)COCC(CN(Cc1ccccc1)c2ccccc2)N3CCCC3,bepridil,2.74,3.54
0,CC[C@H]1OC(=O)[C@H](C)[C@@H](OC2CC(C)(OC)C(O)C(C)O2)C(C)[C@@H](OC3OC(C)CC(C3O)N(C)C)[C@](C)(O)C[C@@H](C)C(=O)[C@H](C)[C@@H](O)[C@H]1C,berythromycin,6.08,3.0
0,NCCC(O)CNC1CC(N)C(OC2OC(CN)C(O)C(O)C2O)C(O)C1OC3OC(CO)C(O)C(N)C3O,butikacin,5.32,4.39
0,CC(C)(C)NCC(O)c1ccc(O)c(NC(N)=O)c1,carbuterol,2.78,3.26
0,CC1(C)S[C@@H]2[C@H](NC(=O)C(C(=O)Oc3ccccc3)c4ccccc4)C(=O)N2[C@H]1C(O)=O,carfecillin,3.59,2.68
0,CC1(C)S[C@@H]2[C@H](NC(=O)C(C(=O)Oc3ccc4CCCc4c3)c5ccccc5)C(=O)N2[C@H]1C(O)=O,carindacillin,3.79,4.19
0,CC1OC(CC(N)C1O)OC2C[C@@](O)(Cc3c(O)c4C(=O)c5cccc(O)c5C(=O)c4c(O)c23)C(C)=O,carubicin,4.47,4.52
0,NC(=O)OCC1[C@H](NC(=O)C(=N/OCC(O)=O)\c2csc(N)n2)C(=O)N1[S](O)(=O)=O,carumonam,3.96,4.11
0,N[C@@H](C(=O)N[C@H]1[C@H]2SCC(=C(N2C1=O)C(O)=O)Cl)c3ccccc3,cefaclor,3.46,3.2
0,CC1=C(N2[C@H](SC1)[C@H](NC(=O)[C@H](N)c3ccc(O)cc3)C2=O)C(O)=O,cefadroxil,3.5,3.11
0,CC1=C(N2[C@H](SC1)[C@H](NC(=O)[C@H](N)c3ccccc3)C2=O)C(O)=O,cefalexin,3.36,2.9
0,CC(=O)OCC1=C(N2[C@H](SC1)[C@H](NC(=O)Cc3ccccc3)C2=O)C(O)=O,cefaloram,3.11,2.53
0,Cc1sc(SCC2=C(N3[C@H](SC2)[C@H](NC(=O)C(N)c4ccc(O)cc4)C3=O)C(O)=O)nn1,cefaparole,3.75,4.49
0,NC(C(=O)N[C@H]1[C@H]2SCC(=C(N2C1=O)C(O)=O)CSc3cn[nH]n3)c4ccc(O)cc4,cefatrizine,3.9,4.37
0,[Na+].Cn1nnnc1SCC2=C(N3[C@H](SC2)[C@H](NC(=O)CSC(F)(F)F)C3=O)C([O-])=O,cefazaflur,4.22,3.22
0,Cc1sc(SCC2=C(N3[C@H](SC2)[C@H](NC(=O)CN4C=C(Cl)C(=O)C(=C4)Cl)C3=O)C(O)=O)nn1,cefazedone,3.9,4.14
0,Cc1sc(SCC2=C(N3[C@H](SC2)[C@H](NC(=O)[C@H](O)c4ccccc4)C3=O)C(O)=O)nn1,cefcanel,3.64,4.12
0,CC(N)C(=O)OC(C(=O)NC1C2SCC(=C(N2C1=O)C(=O)OCC3=C(C)OC(=O)O3)CSc4sc(C)nn4)c5ccccc5,cefcanel-daloxate,4.39,4.99
0,CC/C=C(C(=O)N[C@H]1[C@H]2SCC(=C(N2C1=O)C(O)=O)COC(N)=O)/c3csc(N)n3,cefcapene,3.88,4.15
0,COCC1=C(N2[C@H](SC1)[C@H](NC(=O)C(=N\O)/c3csc(N)n3)C2=O)C(O)=O,cefdaloxime,3.73,3.78
0,Nc1scc(n1)\C(=N\O)C(=O)N[C@H]2[C@H]3SCC(=C(N3C2=O)C(O)=O)C=C,cefdinir,3.87,4.12
0,CO\N=C(C(=O)NC1[C@H]2SCC(=C(N2C1=O)C(O)=O)\C=C/c3scnc3C)\c4csc(N)n4,cefditoren,4.07,4.34
0,CC1=C(N2[C@H](SC1)[C@H](NC(=O)[C@H](N)c3ccc(O)c(Cl)c3)C2=O)C(O)=O,cefedrolor,3.62,3.88
0,CO/N=C(C(=O)N[C@H]1[C@H]2SCC(=C(N2C1=O)C(O)=O)C)/c3csc(N)n3,cefetamet,3.7,3.68
0,OC(=O)C1=C(CS[C@@H]2[C@H](NC(=O)Cc3sccc3)C(=O)N12)CSc4[nH]ncn4,cefetrizole,3.6,3.75
0,Cn1nnnc1SCC2=C(N3[C@H](SC2)[C@H](NC(=O)CS\C=C/C#N)C3=O)C(O)=O,cefivitril,4.07,4.07
0,Nc1scc(n1)\C(=N\OCC(O)=O)C(=O)N[C@H]2[C@H]3SCC(=C(N3C2=O)C(O)=O)C=C,cefixime,3.9,4.06
0,CO/N=C(C(=O)N[C@H]1[C@H]2SCC(=C(N2C1=O)C(O)=O)CSc3nnnn3C)/c4csc(N)n4,cefmenoxime,3.88,4.18
0,CO[C@]1(NC(=O)CSCC#N)[C@H]2SCC(=C(N2C1=O)C(O)=O)CSc3nnnn3C,cefmetazole,4.02,4.69
0,CO[C@]1(NC(=O)CSC[C@@H](N)C(O)=O)[C@H]2SCC(=C(N2C1=O)C(O)=O)CSc3nnnn3C,cefminox,4.15,4.64
0,CO\N=C(C(=O)N[C@H]1[C@H]2SCC(=C(N2C1=O)C(O)=O)CSc3sc(CC(O)=O)c(C)n3)/c4csc(N)n4,cefodizime,4.0,4.62
0,OC(C(=O)N[C@H]1[C@H]2SCC(=C(N2C1=O)C(O)=O)CSc3nnnn3C[S](O)(=O)=O)c4ccccc4,cefonicid,3.92,4.15
0,NCc1ccccc1CC(=O)N[C@H]2[C@H]3SCC(=C(N3C2=O)C(O)=O)CSc4nnnn4CC(O)=O,ceforanide,3.62,4.22
0,CO[C@]1(NC(=O)C2S\C(S2)=C(\C(N)=O)C(O)=O)[C@H]3SCC(=C(N3C1=O)C(O)=O)CSc4nnnn4C,cefotetan,4.48,5.0
0,CN(C)CCn1nnnc1SCC2=C(N3[C@H](SC2)[C@H](NC(=O)Cc4csc(N)n4)C3=O)C(O)=O,cefotiam,3.78,4.91
0,CC(=O)OCC1=C(N2[C@H](SC1)[C@H](NC(=O)c3c(C)onc3c4ccccc4Cl)C2=O)C(O)=O,cefoxazole,3.45,3.57
0,Cn1nnnc1SCC2=C(N3[C@H](SC2)C(NC(=O)[C@H](NC(=O)C4=CNC(=CC4=O)C)c5ccc(O)cc5)C3=O)C(O)=O,cefpiramide,4.13,4.57
0,[Na+].COCC1=C(N2[C@H](SC1)[C@H](NC(=O)C(=N/OC)\c3csc(N)n3)C2=O)C([O-])=O,cefpodoxime,4.18,3.43
0,O.C/C=C/C1=C(N2[C@H](SC1)[C@H](NC(=O)[C@H](N)c3ccc(O)cc3)C2=O)C(O)=O,cefprozil,3.77,3.65
0,CC1=C(N2[C@H](SC1)[C@H](NC(=O)Cc3ccc(cc3)C4=NCCCN4)C2=O)C(O)=O,cefrotil,3.5,4.39
0,COC1=C(N3C(SC1)C(NC(=O)C(N)C2C=CCC=C2)C3=O)C(O)=O,cefroxadine,4.42,4.1
0,CC1=C(N2[C@H](SC1)[C@H](NC(=O)[C@H](N)c3cccc(N[S](C)(=O)=O)c3)C2=O)C(O)=O,cefsumide,3.6,4.33
0,CO/N=C(C(=O)N[C@H]1[C@H]2SCC(=C(N2C1=O)C(O)=O)Cn3nnc(C)n3)/c4csc(N)n4,cefteram,4.03,4.71
0,OC(=O)C1=C(CS[C@@H]2[C@H](NC(=O)Cn3cnnn3)C(=O)N12)CSc4scnn4,ceftezole,3.81,4.3
0,O.O.Nc1scc(n1)\C(=C\CC(O)=O)C(=O)N[C@H]2[C@H]3SCC=C(N3C2=O)C(O)=O,ceftibuten,4.16,4.91
0,CO/N=C(C(=O)N[C@H]1[C@H]2SCC(=C(N2C1=O)C(O)=O)CSC(=O)c3occc3)/c4csc(N)n4,ceftiofur,3.98,4.31
0,CO/N=C(C(=O)N[C@H]1[C@H]2SCC(=C(N2C1=O)C(O)=O)\C=C\SC3=NNC(=O)C(=O)N3CC=O)/c4csc(N)n4,ceftiolene,4.34,5.0
0,CO/N=C(C(=O)N[C@H]1[C@@H]2N(C1=O)C(=C(COC(C)=O)C[S]2=O)C(O)=O)/c3csc(N)n3,ceftioxide,4.21,3.83
0,CO/N=C(C(=O)N[C@H]1[C@H]2SCC=C(N2C1=O)C(O)=O)/c3csc(N)n3,ceftizoxime,3.87,3.87
0,CO/N=C(C(=O)N[C@H]1[C@H]2SCC(=C(N2C1=O)C(O)=O)COC(C)=O)/c3occc3,cefuracetime,3.64,3.2
0,CO/N=C(C(=O)N[C@H]1[C@H]2SCC(=C(N2C1=O)C(=O)OC(C)OC(C)=O)COC(N)=O)/c3occc3,cefuroxime-axetil,4.11,3.53
0,COCCCC(=O)OC(C)OC(=O)C1=C(COC(N)=O)CS[C@@H]2[C@H](NC(=O)C(=N/OC)\c3occc3)C(=O)N12,cefuroxime-pivoxetil,4.16,4.22
0,CO/N=C(C(=O)N[C@H]1[C@H]2SCC(=C(N2C1=O)C(O)=O)CSc3snnc3)/c4csc(N)n4,cefuzonam,4.1,4.32
0,[Na+].CC(=O)OCC1=C(N2[C@@H](SC1)[C@@H](NC(=O)CC#N)C2=O)C([O-])=O,cephacetrile,4.08,2.97
0,O.O.CC(=O)OCC1=C(N2[C@H](SC1)[C@H](NC(=O)[C@H](N)c3ccccc3)C2=O)C(O)=O,cephaloglycin,3.61,3.18
0,CC(=O)OCC1=C(N2[C@H](SC1)[C@H](NC(=O)CCC[C@@H](N)C(O)=O)C2=O)C(O)=O,cephalosporin-c,3.6,3.44
0,CC(=O)OCC1=C(N2[C@H](SC1)[C@H](NC(=O)Cc3sccc3)C2=O)C(O)=O,cephalothin,3.35,2.54
0,CC(=O)C1=C(O)[C@]2(O)[C@@H](Cc3c(C)c4ccc(C)c(O)c4c(O)c3C2=O)[C@@H](N)C1=O,cetocycline,4.21,3.63
0,CCC[C@@H]1C[C@H](N(C)C1)C(=O)NC(C(C)Cl)[C@H]2O[C@H](SC)[C@H](O)[C@@H](O)[C@H]2O,clindamycin,4.74,4.07
0,CCC[C@@H]1C[C@H](N(C)C1)C(=O)NC(C(C)Cl)[C@H]2O[C@H](SC)[C@H](O[P](O)(O)=O)[C@@H](O)[C@H]2O,clindamycin-phosphate,4.98,4.4
0,COC(C(=O)N[C@H]1[C@H]2SC(C)(C)[C@@H](N2C1=O)C(O)=O)c3ccc(Cl)c(Cl)c3,clometocillin,3.73,2.86
0,CN(C)[C@H]1[C@@H]2C[C@H]3C(=C(O)c4c(O)ccc(Cl)c4[C@@]3(C)O)C(=O)[C@]2(O)C(=O)\C(=C(/O)NCO)C1=O,clomocycline,4.75,4.29
0,CC1(C)S[C@@H]2[C@H](NC(=O)C3(N)CCCCC3)C(=O)N2[C@H]1C(O)=O,cyclacillin,3.77,3.26
0,CN(C)[C@H]1[C@@H]2C[C@@H]3[C@H](O)c4cccc(O)c4C(=C3C(=O)[C@]2(O)C(=O)\C(=C(N)/O)C1=O)O,demecycline,4.49,3.9
0,CCOC(OCC)C(=O)OCC(=O)C1(O)CC(OC2CC(N)C(O)C(C)O2)c3c(O)c4C(=O)c5c(OC)cccc5C(=O)c4c(O)c3C1,detorubicin,4.84,4.45
0,NCC1CCC(N)C(O1)OC2C(N)CC(N)C(OC3OC(CO)C(O)C(N)C3O)C2O,dibekacin,5.06,4.34
0,Cc1onc(c1C(=O)N[C@H]2[C@H]3SC(C)(C)[C@@H](N3C2=O)C(O)=O)c4c(Cl)cccc4Cl,dicloxacillin,3.67,3.58
0,CN[C@H]1[C@H](O)[C@@H](O)[C@H](CO)O[C@H]1O[C@H]2[C@@H](O[C@@H](C)[C@]2(O)CO)O[C@@H]3[C@@H](O)[C@H](O)[C@@H](N=C(N)N)[C@H](O)[C@H]3N=C(N)N,dihydrostreptomycin,5.66,4.15
0,COc1ccc(cc1O)C2=CC(=O)c3c(O)cc(O[C@@H]4O[C@H](CO[C@@H]5O[C@@H](C)[C@H](O)[C@@H](O)[C@H]5O)[C@@H](O)[C@H](O)[C@H]4O)cc3O2,diosmin,4.69,1.37
0,CNCC(O)c1ccc(OC(=O)C(C)(C)C)c(OC(=O)C(C)(C)C)c1,dipivefrin,2.95,3.02
0,OCCN(CCO)c1nc(N2CCCCC2)c3nc(nc(N4CCCCC4)c3n1)N(CCO)CCO,dipyridamole,2.99,4.08
0,[Cl].CC[C@H]1CN2CCc3cc(OC)c(OC)cc3[C@@H]2C[C@@H]1C[C@H]4NCCc5cc(OC)c(OC)cc45,emetine,4.01,4.96
0,CC1(C)S[C@@H]2[C@H](NC(=O)[C@H](N)C3=CCC=CC3)C(=O)N2[C@H]1C(O)=O,epicillin,4.31,3.56
0,COc1cccc2C(=O)c3c(O)c4C[C@@](O)(C[C@@H](OC5CC(N)CC(C)O5)c4c(O)c3C(=O)c12)C(=O)CO,esorubicin,4.43,4.68
0,CCNCC(O)c1cccc(O)c1,etilefrine,2.43,2.52
0,CCOC(=O)C1=C(C)NC(=C(C1c2cccc(Cl)c2Cl)C(=O)OC)C,felodipine,2.7,2.59
0,CC1(C)S[C@@H]2[C@H](NC(=O)C(Oc3ccccc3)c4ccccc4)C(=O)N2[C@H]1C(O)=O,fenbenicillin,3.46,2.48
0,CC(C)c1ccccc1OCC2=NCCN2,fenoxazoline,2.38,2.67
0,CC(C)(C(O)=O)c1ccc(cc1)C(O)CCCN2CCC(CC2)C(O)(c3ccccc3)c4ccccc4,fexofenadine,3.02,4.04
0,CC1(C)S[C@@H]2[C@H](NC(=O)[C@H](NC(=O)C(C)(C)Oc3ccc(Cl)cc3)c4ccccc4)C(=O)N2[C@H]1C(O)=O,fibracillin,3.77,3.29
0,[Na].CO[C@]1(NC(=O)CSC(F)(F)F)[C@H]2OCC(=C(N2C1=O)C(O)=O)CSc3nnnn3CCO,flomoxef,4.34,4.66
0,C[C@@H](O)[C@@H]1[C@H]2SC(=C(N2C1=O)C(O)=O)[C@H]3CCCO3,fropenem,4.01,3.88
0,CC1(C)S[C@@H]2[C@H](NC(=O)[C@@H](N=Cc3occc3)c4ccc(O)cc4)C(=O)N2[C@H]1C(O)=O,fumoxicillin,4.09,2.96
0,CC(C)CC(OC(=O)c1occc1)C(=O)N[C@H]2[C@H]3SC(C)(C)[C@@H](N3C2=O)C(O)=O,furbucillin,3.89,3.23
0,C[C@@H]1[C@H](O)CC[C@@]2(C)[C@H]1CC[C@@]3(C)[C@H]2[C@H](O)C[C@H]4\C([C@H](C[C@]34C)OC(C)=O)=C(/CCC=C(C)C)C(O)=O,fusidic-acid,5.08,2.0
0,CNC(C)C1CCC(N)C(O1)OC2C(N)CC(N)C(OC3OCC(C)(O)C(NC)C3O)C2O,gentamicin,5.32,4.07
0,CO/N=C(C(=O)N[C@H]1[C@H](C)N(OCC(=O)OCC(=O)OC(C)(C)C)C1=O)/c2csc(N)n2,gloximonam,3.87,3.6
0,CC1CN(CCN1)c2cc3N(C=C(C(O)=O)C(=O)c3c(C)c2F)C4CC4,grepafloxacin,3.25,4.4
0,CN(C)C1C2CC3C(=C(O)c4c(O)cccc4C3(C)O)C(=O)C2(O)C(=O)\C(=C(/O)NCN5CCN(CC5)C(=N)N=C(N)N)C1=O,guamecycline,4.99,5.0
0,CC1(C)N[C@@H](C(=O)N1[C@H]2[C@H]3SC(C)(C)[C@@H](N3C2=O)C(O)=O)c4ccccc4,hetacillin,4.04,2.42
0,CC(Cc1ccccc1)NO,hydroxyamphetamine,2.31,1.94
0,CNC(C)C(O)c1ccc(O)cc1,hydroxyephedrine,2.81,2.33
0,CC1=CC(=O)Oc2cc(O)ccc12,hymecromone,1.96,1.94
0,C[C@@H]1O[C@H](C[C@H](N)[C@@H]1O)O[C@H]2C[C@@](O)(Cc3c(O)c4C(=O)c5ccccc5C(=O)c4c(O)c23)C(C)=O,idarubicin,4.34,3.92
0,O.C[C@H](O)[C@@H]1[C@H]2CC(=C(N2C1=O)C(O)=O)SCCN=CN,imipenem,4.32,4.21
0,CNC1C(O)C(OCC1(C)O)OC2C(O)C(OC3OC(CN)C(O)C(O)C3O)C(N)CC2NC(=O)C(O)CN,isepamicin,5.38,4.08
0,CC1(C)S[C@@H]2[C@H](NC(=O)C(C)(C)Oc3ccccc3)C(=O)N2[C@H]1C(O)=O,isopropicillin,3.47,2.5
0,CC1=C(COC(=O)[C@@H]2N3[C@H](SC2(C)C)[C@H](NC(=O)[C@H](N)c4ccccc4)C3=O)OC(=O)O1,lenampicillin,4.01,3.28
0,CNCC[C@@H](O)[C@@H]1C[C@@H](CN1)SC2=C(N3[C@H]([C@H]2C)[C@@H]([C@@H](C)O)C3=O)C(O)=O,lenapenem,4.65,4.39
0,COc1cccc2C(=O)c3c(O)c4C[C@](O)(C[C@H](O[C@H]5C[C@H](NC(=O)[C@@H](N)CC(C)C)[C@H](O)[C@H](C)O5)c4c(O)c3C(=O)c12)C(=O)CO,leurubicin,4.76,4.86
0,CCCC1CC(N(C)C1)C(=O)NC(C(C)O)C2OC(SC)C(O)C(O)C2O,lincomycin,4.7,3.95
0,O.N[C@@H](C(=O)NC1C2CCC(=C(N2C1=O)C(O)=O)Cl)c3ccccc3,loracarbef,3.56,3.72
0,CCCCc1nc(Cl)c(CO)n1Cc2ccc(cc2)c3ccccc3c4n[nH]nn4,losartan,2.49,4.05
0,[Cl-].CN(C)[C@H]1[C@@H]2C[C@H]3C(=C(O)c4c(O)ccc(Cl)c4[C@@]3(C)O)C(=O)[C@]2(O)C(=O)\C(=C(N)\O)C1=O.[H+],lymecycline,4.77,4.04
0,CC1(C)S[C@@H]2[C@H](N=CN3CCCCCC3)C(=O)N2[C@H]1C(O)=O,mecillinam,4.02,2.72
0,CC(CN(C)C)OC(C)(c1ccccc1)c2ccc(Cl)cc2,mecloxamine,3.06,2.96
0,CC1OC(CC(N)C1O)OC2CC(O)(Cc3c(O)c4C(=O)c5ccccc5C(=O)c4c(O)c23)C(=O)CO,medorubicin,4.4,4.45
0,O.O.O.C[C@H](O)C1C2[C@@H](C)C(=C(N2C1=O)C(O)=O)S[C@@H]3CN[C@@H](C3)C(=O)N(C)C,meropenem,4.6,4.14
0,CC1(C)SC2C(NC(=O)C(N=C)c3ccccc3)C(=O)N2C1C(O)=O,metampicillin,3.88,2.89
0,CN(C)[C@H]1[C@@H]2[C@@H](O)[C@@H]3C(=C)c4cccc(O)c4C(=C3C(=O)[C@]2(O)C(=O)\C(=C(N)/O)C1=O)O,methacycline,4.61,3.65
0,CNC(C)C(=O)c1ccc(OC)cc1,methoxyphedrine,2.18,1.99
0,COc1cccc(OC)c1C(=O)N[C@H]2[C@H]3SC(C)(C)[C@@H](N3C2=O)C(O)=O,meticillin,3.38,2.65
0,CC1(C)S[C@@H]2[C@H](NC(=O)[C@H](NC(=O)N3CCN(C3=O)[S](C)(=O)=O)c4ccccc4)C(=O)N2[C@H]1C(O)=O,mezlocillin,4.04,4.24
0,COCC(=O)O[C@]1(CCN(C)CCCc2[nH]c3ccccc3n2)CCc4cc(F)ccc4[C@@H]1C(C)C,mibefradil,3.72,4.92
0,CCCCCC1CNC(C1)C(=O)NC(C(C)Cl)C2OC(SC)C(O)C(O)C2O,mirincamycin,4.71,3.91
0,CO[C@@]12[C@H](COC(N)=O)C3=C(N1C[C@@H]4N[C@H]24)C(=O)C(=C(N)C3=O)C,mitomycin,4.6,3.79
0,CO[C@]1(NC(=O)C(C(O)=O)c2ccc(O)cc2)[C@H]3OCC(=C(N3C1=O)C(O)=O)CSc4nnnn4C,moxalactam,4.22,4.55
0,NC[C@H]1O[C@H](O[C@@H]2[C@@H](N)C[C@@H](N)[C@H](O)[C@H]2O)[C@H](N)[C@@H](O)[C@@H]1O,neamine,4.62,3.39
0,CCN[C@@H]1C[C@H](N)[C@@H](O[C@H]2OC(=CC[C@H]2N)CN)[C@H](O)[C@H]1O[C@H]3OC[C@](C)(O)[C@H](NC)[C@H]3O,netilmicin,5.31,4.09
0,COC(=O)C1=C(C)NC(=C(C1c2cccc(c2)[N+]([O-])=O)C(=O)OCCN(C)Cc3ccccc3)C,nicardipine,2.9,3.35
0,COC(=O)C1=C(C)NC(=C(C1c2ccccc2[N+]([O-])=O)C(=O)OC)C,nifedipine,2.3,2.38
0,CCOC(=O)C1=C(C)NC(=C(C1c2cccc(c2)[N+]([O-])=O)C(=O)OC)C,nitrendipine,2.7,2.23
0,CN(C)[C@H]1[C@@H]2C[C@@H]3Cc4c(ccc(O)c4C(=C3C(=O)[C@]2(O)C(=O)\C(=C(N)/O)C1=O)O)[N+]([O-])=O,nitrocycline,4.36,3.72
0,CO[C@@H]1[C@@H](OC(N)=O)[C@@H](O)[C@H](Oc2ccc3C(=O)C(=C(O)Oc3c2C)NC(=O)c4ccc(O)c(CC=C(C)C)c4)OC1(C)C,novobiocin,4.45,3.99
0,COC1CC(OC(C)C1O)O[C@H]2[C@H](C)[C@@H](OC3OC(C)CC(C3O)N(C)C)[C@@H](C)C[C@]4(CO4)C(=O)[C@H](C)[C@@H](O)[C@@H](C)[C@@H](C)OC(=O)[C@@H]2C,oleandomycin,6.53,3.18
0,CC1(C)NC(C(=O)[NH+]1[C@H]2[C@H]3SC(C)(C)[C@@H](N3C2=O)C(O)=O)c4ccc(O)cc4,oxetacillin,4.87,3.21
0,CO\N=C(C(=O)NC1[C@H](C)N(OCC(O)=O)C1=O)\c2csc(N)n2,oximonam,3.83,3.65
0,CN(C)[C@H]1[C@@H]2C[C@H]3C(=C(O)c4c(O)cccc4[C@@]3(C)O)C(=O)[C@]2(O)C(=O)\C(=C(/O)NCN5CCCC(C5)C(O)=O)C1=O,pecocycline,4.83,4.66
0,CC(=O)OCOC(=O)C1N2C(SC1(C)C)C(NC(=O)Cc3ccccc3)C2=O,penamecillin,3.46,3.04
0,[Na].CC1(C)SC2C(NC(=O)Cc3ccccc3)C(=O)N2C1C(O)=O,penicillin,3.35,2.85
0,CC(Oc1ccccc1)C(=O)NC2C3SC(C)(C)C(N3C2=O)C(O)=O,phenethicillin,3.42,3.22
0,CN(C)C1C2CC3C(=C(O)c4c(O)cccc4C3(C)O)C(=O)C2(O)C(=O)\C(=C(/O)NCN5CCN(CCO)CC5)C1=O,pipacycline,4.7,5.0
0,COc1cccc2C(=O)c3c(O)c4C[C@](O)(C[C@H](O[C@H]5C[C@H](N)[C@H](O[C@H]6CCCCO6)[C@H](C)O5)c4c(O)c3C(=O)c12)C(=O)CO,pirarubicin,4.78,4.17
0,CC1(C)SC2C(N([C@H](C(=O)NC(=O)CN)c3ccccc3)C(=N)c4ccncc4)C(=O)N2C1C(O)=O,pirbenicillin,4.19,4.75
0,CC1(C)S[C@@H]2[C@H](NC(=O)[C@H](NC(=O)NC3=CN=C(NC3=O)Nc4ccc(cc4)[S](N)(=O)=O)c5ccc(O)cc5)C(=O)N2[C@H]1C(O)=O,piroxicillin,4.22,4.73
0,CC(C)(C)C(=O)OCOC(=O)[C@@H]1N2[C@H](SC1(C)C)[C@H](NC(=O)[C@H](N)c3ccccc3)C2=O,pivampicillin,3.84,2.8
0,CNCC(O)c1cccc(OC(=O)C(C)(C)C)c1,pivenfrine,2.64,2.64
0,Cc1cnn(c1C(=O)N[C@H]2[C@H]3SC(C)(C)[C@@H](N3C2=O)C(O)=O)c4c(Cl)cccc4Cl,prazocillin,3.81,3.72
0,CCCNCC(O)COc1ccccc1C(=O)CCc2ccccc2,propafenone,2.39,2.83
0,CCC(Oc1ccccc1)C(=O)NC2C3SC(C)(C)C(N3C2=O)C(O)=O,propicillin,3.54,3.27
0,NCC1OC(OC2C(N)CC(NC(CO)CO)C(OC3OC(CO)C(O)C(N)C3O)C2O)C(N)C(O)C1O,propikacin,5.34,4.2
0,CC1(C)S[C@@H]2[C@H](NC(=O)c3nc4ccccc4nc3C(O)=O)C(=O)N2[C@H]1C(O)=O,quinacillin,3.62,3.3
0,CO[C@H]1/C=C/O[C@@]2(C)Oc3c(C)c(O)c4c(O)c(NC(=O)C(=C\C=C\[C@H](C)[C@H](O)[C@@H](C)[C@@H](O)[C@@H](C)[C@H](OC(C)=O)[C@@H]1C)/C)cc(O)c4c3C2=O,rifamycin,6.8,3.45
0,[Na+].C[C@@H](O)[C@@H]1[C@H]2SC(=C(N2C1=O)C([O-])=O)COC(N)=O,ritipenem,4.48,3.71
0,CC1(C)S[C@@H]2[C@H](NC(=O)[C@H](NC(=O)Cc3ccc(cc3)C4=NCCCN4)c5ccccc5)C(=O)N2[C@H]1C(O)=O,rotamicillin,3.94,4.68
0,COC1CCCC2C3C(C(C)O)C(=O)N3C(=C12)C([O-])=O,sanfetrinem,4.51,3.4
0,COCOC(=O)C1N2C(SC1(C)C)C(N3C(=O)C(NC3(C)C)c4ccc(O)cc4)C2=O,sarmoxicillin,4.28,2.87
0,COCOC(=O)[C@@H]1N2[C@H](SC1(C)C)[C@H](N3C(=O)C(NC3(C)C)c4ccccc4)C2=O,sarpicillin,4.19,2.63
0,CC1C2CC(OC(C)=O)\C=C\C(=C\CC(O)/C=C/C(=C/C(NC(=O)C(C)=O)C(C)(C(=O)O2)C1=O)C)C,sedecamycin,6.17,3.71
0,CN[C@@H]1[C@@H](O)[C@H](OC[C@]1(C)O)O[C@H]2[C@H](N)C[C@H](N)[C@@H](O[C@H]3OC(=CC[C@H]3N)CN)[C@@H]2O,sisomicin,5.29,3.61
0,CC1(C)S[C@@H]2[C@H](NC(=O)C(c3ccccc3)[S](O)(=O)=O)C(=O)N2[C@H]1C(O)=O,sulbenicillin,3.77,2.91
0,C[C@@H](O)[C@@H]1[C@H]2SC(=C(N2C1=O)C(O)=O)SC3CC[S](=O)C3,sulopenem,4.63,3.96
0,CC1(C)S[C@@H]2[C@H](NC(=O)[C@H](N)c3ccccc3)C(=O)N2[C@H]1C(O)=O.CC4(C)[C@@H](N5[C@@H](CC5=O)[S]4(=O)=O)C(O)=O,sultamicillin,4.44,3.93
0,[Na+].[Na+].CC1(C)S[C@@H]2[C@H](NC(=O)[C@H](N[S]([O-])(=O)=O)c3ccccc3)C(=O)N2[C@H]1C([O-])=O,suncillin,4.54,2.66
0,CC1(C)S[C@@H]2[C@H](NC(=O)[C@H](N)c3ccccc3)C(=O)N2[C@H]1C(=O)OC4OC(=O)c5ccccc45,talampicillin,4.03,2.92
0,C[C@]1(Cn2ccnn2)[C@@H](N3[C@@H](CC3=O)[S]1(=O)=O)C(O)=O,tazobactam,4.17,3.8
0,CO[C@]1(NC(=O)C(C(O)=O)c2cscc2)[C@H]3SC(C)(C)[C@@H](N3C1=O)C(O)=O,temocillin,4.24,3.4
0,CN1C(=O)N(C)c2ncn(CCNCC(O)c3ccc(O)c(O)c3)c2C1=O,theodrenaline,3.05,4.99
0,CC1(C)SC2C(NC(=O)CSc3ccccc3)C(=O)N2C1C(O)=O,thiphencillin,3.33,2.84
0,CC1(C)[C@H](NC(=O)C(=N\OCC(O)=O)/c2csc(N)n2)C(=O)N1O[S](O)(=O)=O,tigemonam,3.92,3.89
0,CC(C)C(=O)OCc1cccc(OC(=O)[C@@H]2N3[C@H](SC2(C)C)[C@H](NC(=O)Cc4ccccc4)C3=O)c1,tobicillin,3.54,3.52
0,NC[C@H]1O[C@H](O[C@@H]2[C@@H](N)C[C@@H](N)[C@H](O[C@H]3O[C@H](CO)[C@@H](O)[C@H](N)[C@H]3O)[C@H]2O)[C@H](N)C[C@@H]1O,tobramycin,5.14,3.97
0,Cc1ccc(cc1)C(=O)c2cc(O)c(O)c(c2)[N+]([O-])=O,tolcapone,2.02,2.57
0,CCCC[C@@H]1CC(=O)[C@]2(O)O[C@@H]3[C@@H](NC)[C@@H](O)[C@@H](NC)[C@H](O)[C@H]3O[C@@H]2O1,trospectomycin,5.06,3.72
0,CC(C)c1ccc(C)cc1OCC2=NCCN2,tymazoline,2.48,3.02
0,CC(C)C1OC(=O)C2=CCCN2C(=O)c3coc(CC(=O)CC(O)\C=C(C)/C=C\CNC(=O)\C=C/C1C)n3,virginiamycin-factor-m1,6.0,4.6
0,Oc1ccc(cc1)/C=C([N+]#[C-])/C(=C/c2ccc(O)cc2)[N+]#[C-],xantocillin,2.92,2.92
0,[Cl-].COc1cccc2C(=O)c3c(O)c4C[C@](O)(C[C@H](O[C@H]5C[C@H](N)[C@H](O)[C@H](C)O5)c4c(O)c3C(=O)c12)/C(C)=N/NC(=O)c6ccccc6.[H+],zorubicin,4.74,4.15
